id,company_id,location_id,pos_id,receipt_id,receipt_date,net_total,gross_total,tips,total_receipt_discounts,total_item_discounts,external_user_id,revenue_center,receipt_lines,tip_details,status,created_date,modified_date
b8f7ed4f-4076-4a43-9372-79fa31e71f45,163696,126664,9,hsK732HbGrAJ5R8hyxHAyc5eV,2023-06-12T19:50:20+00:00,1399,1399,0,0,0,TMghgXAgLEZvAfee,,"[{'id': None, 'location_id': 126664, 'external_item_id': 'IAA3IJSCB5NWEM6WONLWSSYT', 'external_category_ids': ['Combos'], 'quantity': 1, 'price': 1399, 'gross_item_price': 1399, 'net_item_price': 1399, 'item_discount': 0, 'created': '2023-06-12T19:50:20+00:00'}]","[{'type': 'total', 'value': 0}, {'type': 'gratuity', 'value': 0}]",closed,2023-06-12T19:50:26+00:00,2023-06-12T19:50:48+00:00
c7f4f6c7-0622-40f4-971f-5390bed572dd,163696,126664,9,bXlF1RHGfNWQ00I6KA2lSf5eV,2023-06-12T20:00:45+00:00,1498,1498,0,0,0,TMghgXAgLEZvAfee,,"[{'id': None, 'location_id': 126664, 'external_item_id': 'IAA3IJSCB5NWEM6WONLWSSYT', 'external_category_ids': ['Combos'], 'quantity': 1, 'price': 1399, 'gross_item_price': 1399, 'net_item_price': 1399, 'item_discount': 0, 'created': '2023-06-12T20:00:44+00:00'}, {'id': None, 'location_id': 126664, 'external_item_id': 'XHHLP5BLKYYQ2QGY3JFN5USX', 'external_category_ids': ['Sauces'], 'quantity': 1, 'price': 99, 'gross_item_price': 99, 'net_item_price': 99, 'item_discount': 0, 'created': '2023-06-12T20:00:44+00:00'}]","[{'type': 'total', 'value': 0}, {'type': 'gratuity', 'value': 0}]",closed,2023-06-12T20:00:52+00:00,2023-06-12T20:01:12+00:00
ad94127f-11d1-4ef3-8e52-506deccf7daa,163696,126664,9,J2VT7qTY10NwaX5QQcK9C86eV,2023-06-12T20:04:46+00:00,1498,1498,0,0,0,TMghgXAgLEZvAfee,,"[{'id': None, 'location_id': 126664, 'external_item_id': 'IAA3IJSCB5NWEM6WONLWSSYT', 'external_category_ids': ['Combos'], 'quantity': 1, 'price': 1498, 'gross_item_price': 1498, 'net_item_price': 1498, 'item_discount': 0, 'created': '2023-06-12T20:04:46+00:00'}]","[{'type': 'total', 'value': 0}, {'type': 'gratuity', 'value': 0}]",closed,2023-06-12T20:04:53+00:00,2023-06-12T20:05:14+00:00
9020a381-2b09-40af-b064-52d61bd44216,163696,126664,9,JmpnopoCC0ehFIDADqTUImgeV,2023-06-12T20:16:57+00:00,2299,2299,0,0,0,TMghgXAgLEZvAfee,,"[{'id': None, 'location_id': 126664, 'external_item_id': 'P2BMYDVE2YW5XOQRO4PJCQHT', 'external_category_ids': ['Combos'], 'quantity': 1, 'price': 2299, 'gross_item_price': 2299, 'net_item_price': 2299, 'item_discount': 0, 'created': '2023-06-12T20:16:57+00:00'}]","[{'type': 'total', 'value': 0}, {'type': 'gratuity', 'value': 0}]",closed,2023-06-12T20:17:03+00:00,2023-06-12T20:17:25+00:00
edf73269-a6ac-469c-bab1-4feb7d25ddbb,163696,126664,9,xQKAfvBdzforsCqbcbm6kwyeV,2023-06-12T20:17:24+00:00,449,449,0,0,0,TMghgXAgLEZvAfee,,"[{'id': None, 'location_id': 126664, 'external_item_id': 'L44BMPUIUSM7CWF2QMIOGGPL', 'external_category_ids': ['Sandwiches'], 'quantity': 1, 'price': 449, 'gross_item_price': 449, 'net_item_price': 449, 'item_discount': 0, 'created': '2023-06-12T20:17:24+00:00'}]","[{'type': 'total', 'value': 0}, {'type': 'gratuity', 'value': 0}]",closed,2023-06-12T20:17:31+00:00,2023-06-12T20:17:52+00:00
f7559211-ab89-49e5-aa7f-fd17a71028fd,163696,126664,9,fENsOsZf1I0UrdOvMV3exwKYMM9YY,2023-06-12T20:25:23+00:00,2893,3693,0,800,800,,,"[{'id': None, 'location_id': 126664, 'external_item_id': 'P2BMYDVE2YW5XOQRO4PJCQHT', 'external_category_ids': ['Combos'], 'quantity': 1, 'price': 1955, 'gross_item_price': 2495, 'net_item_price': 1955, 'item_discount': 540, 'created': '2023-06-12T20:25:22+00:00'}, {'id': None, 'location_id': 126664, 'external_item_id': 'X3O2NEJWQATV2UCH6ZORX7W5', 'external_category_ids': ['Drinks'], 'quantity': 1, 'price': 196, 'gross_item_price': 250, 'net_item_price': 196, 'item_discount': 54, 'created': '2023-06-12T20:25:22+00:00'}, {'id': None, 'location_id': 126664, 'external_item_id': 'T4JQTYGLSHU7EJIJK5B5N6BP', 'external_category_ids': ['Sides'], 'quantity': 1, 'price': 546, 'gross_item_price': 698, 'net_item_price': 546, 'item_discount': 152, 'created': '2023-06-12T20:25:22+00:00'}, {'id': None, 'location_id': 126664, 'external_item_id': 'K4SO5OKRWTQGOH5Y7ENQHJS5', 'external_category_ids': ['Drinks'], 'quantity': 1, 'price': 196, 'gross_item_price': 250, 'net_item_price': 196, 'item_discount': 54, 'created': '2023-06-12T20:25:22+00:00'}]","[{'type': 'total', 'value': 0}, {'type': 'gratuity', 'value': 0}]",closed,2023-06-12T20:25:27+00:00,2023-06-12T20:25:27+00:00
9f0c7014-f392-422e-9bc7-cb5e77b9c9e4,163696,126664,9,LEArCEvA8N8sD6rnA4RmFB14GSMZY,2023-06-12T20:25:47+00:00,2300,2875,0,575,575,,,"[{'id': None, 'location_id': 126664, 'external_item_id': '2FTEGN36NN3OO7BUCM3BGYON', 'external_category_ids': ['Sandwiches'], 'quantity': 5, 'price': 2300, 'gross_item_price': 2875, 'net_item_price': 2300, 'item_discount': 575, 'created': '2023-06-12T20:25:46+00:00'}]","[{'type': 'total', 'value': 0}, {'type': 'gratuity', 'value': 0}]",closed,2023-06-12T20:25:51+00:00,2023-06-12T20:25:51+00:00
ab814964-5018-4b01-b3a8-de3bfbc76b4e,163696,126664,9,dwDE2qLz9cKD49Fg4mah4aAfV,2023-06-12T20:51:17+00:00,1498,1498,0,0,0,TMghgXAgLEZvAfee,,"[{'id': None, 'location_id': 126664, 'external_item_id': 'IAA3IJSCB5NWEM6WONLWSSYT', 'external_category_ids': ['Combos'], 'quantity': 1, 'price': 1498, 'gross_item_price': 1498, 'net_item_price': 1498, 'item_discount': 0, 'created': '2023-06-12T20:51:17+00:00'}]","[{'type': 'total', 'value': 0}, {'type': 'gratuity', 'value': 0}]",closed,2023-06-12T20:51:26+00:00,2023-06-12T20:51:51+00:00
d0a8daf8-8c1b-41e3-ba9a-4716dd1f11c1,163696,126664,9,ltwc0hMqwtAHHw4EYdWZUzEtwTeZY,2023-06-12T21:01:27+00:00,1150,1150,0,0,0,,,"[{'id': None, 'location_id': 126664, 'external_item_id': 'HI2I5IBVXCT6AD6TSAMF2XLP', 'external_category_ids': ['Sandwiches'], 'quantity': 2, 'price': 1150, 'gross_item_price': 1150, 'net_item_price': 1150, 'item_discount': 0, 'created': '2023-06-12T21:01:26+00:00'}]","[{'type': 'total', 'value': 0}, {'type': 'gratuity', 'value': 0}]",closed,2023-06-12T21:01:33+00:00,2023-06-12T21:01:33+00:00
a2d3f6b0-fc75-4a48-8608-d9039200de67,163696,126664,9,DUinigzUGAK9s6L0TEdNjLqXHJ8YY,2023-06-12T21:20:24+00:00,2171,2171,0,0,0,,,"[{'id': None, 'location_id': 126664, 'external_item_id': 'HIGOY6ONFOISUNI5H3DD4FIU', 'external_category_ids': ['Sauces'], 'quantity': 1, 'price': 125, 'gross_item_price': 125, 'net_item_price': 125, 'item_discount': 0, 'created': '2023-06-12T21:20:23+00:00'}, {'id': None, 'location_id': 126664, 'external_item_id': 'DA6LYEC57GG24LLNVG6H5EYA', 'external_category_ids': ['Combos'], 'quantity': 1, 'price': 2046, 'gross_item_price': 2046, 'net_item_price': 2046, 'item_discount': 0, 'created': '2023-06-12T21:20:23+00:00'}]","[{'type': 'total', 'value': 0}, {'type': 'gratuity', 'value': 0}]",closed,2023-06-12T21:20:29+00:00,2023-06-12T21:20:29+00:00
fe5350ac-badb-490b-8a98-37bb7de53937,163696,126664,9,TpqKZRFa57k5GS4m9422Xr2eV,2023-06-12T21:54:38+00:00,0,349,0,349,349,TMghgXAgLEZvAfee,,"[{'id': None, 'location_id': 126664, 'external_item_id': 'JU233ZZS6L7EF455ANK6QZWQ', 'external_category_ids': ['Drinks'], 'quantity': 1, 'price': 0, 'gross_item_price': 349, 'net_item_price': 0, 'item_discount': 349, 'created': '2023-06-12T21:54:38+00:00'}]","[{'type': 'total', 'value': 0}, {'type': 'gratuity', 'value': 0}]",closed,2023-06-12T21:54:43+00:00,2023-06-12T21:54:43+00:00
d9c62619-0e50-4c12-8bd5-a846d498b5a0,163696,126664,9,ZhVWfzj2E4wnQjUPdXmZ6FpOx27YY,2023-06-12T21:55:09+00:00,1597,1597,0,0,0,,,"[{'id': None, 'location_id': 126664, 'external_item_id': 'IAA3IJSCB5NWEM6WONLWSSYT', 'external_category_ids': ['Combos'], 'quantity': 1, 'price': 1597, 'gross_item_price': 1597, 'net_item_price': 1597, 'item_discount': 0, 'created': '2023-06-12T21:55:07+00:00'}]","[{'type': 'total', 'value': 0}, {'type': 'gratuity', 'value': 0}]",closed,2023-06-12T21:55:13+00:00,2023-06-12T21:55:13+00:00
72b79209-e261-4b6e-ae9b-59d8ed4f2fc4,163696,126664,9,fknHPBuBlBPGhSaxcfH1u8zLVDWZY,2023-06-12T21:57:11+00:00,799,799,0,0,0,,,"[{'id': None, 'location_id': 126664, 'external_item_id': 'YQVNPPVHN43K2EMGWZ54IBH2', 'external_category_ids': ['Sides'], 'quantity': 1, 'price': 799, 'gross_item_price': 799, 'net_item_price': 799, 'item_discount': 0, 'created': '2023-06-12T21:57:09+00:00'}]","[{'type': 'total', 'value': 0}, {'type': 'gratuity', 'value': 0}]",closed,2023-06-12T21:57:14+00:00,2023-06-12T21:57:14+00:00
5528ca44-5e48-430d-a43c-adf8afe4f855,163696,126664,9,dlMZnDcj74mB3EeQI4207dPpZhIZY,2023-06-12T22:08:53+00:00,2969,2969,0,0,0,,,"[{'id': None, 'location_id': 126664, 'external_item_id': 'D47KNSPYE62NUTVLC4FLWTHU', 'external_category_ids': ['Sauces'], 'quantity': 1, 'price': 125, 'gross_item_price': 125, 'net_item_price': 125, 'item_discount': 0, 'created': '2023-06-12T22:08:52+00:00'}, {'id': None, 'location_id': 126664, 'external_item_id': 'P2BMYDVE2YW5XOQRO4PJCQHT', 'external_category_ids': ['Combos'], 'quantity': 1, 'price': 2844, 'gross_item_price': 2844, 'net_item_price': 2844, 'item_discount': 0, 'created': '2023-06-12T22:08:52+00:00'}]","[{'type': 'total', 'value': 0}, {'type': 'gratuity', 'value': 0}]",closed,2023-06-12T22:08:56+00:00,2023-06-12T22:08:56+00:00
68199b4b-dcab-47a0-b95a-5004db547c10,163696,126664,9,djXvbVEbcvfxjCmLFErMKGQuFiRZY,2023-06-12T22:18:49+00:00,2270,3070,0,800,800,,,"[{'id': None, 'location_id': 126664, 'external_item_id': 'P2BMYDVE2YW5XOQRO4PJCQHT', 'external_category_ids': ['Combos'], 'quantity': 1, 'price': 1845, 'gross_item_price': 2495, 'net_item_price': 1845, 'item_discount': 650, 'created': '2023-06-12T22:18:47+00:00'}, {'id': None, 'location_id': 126664, 'external_item_id': '2LGRXFTJXJZVU6I2AHHE7D2M', 'external_category_ids': ['Sandwiches'], 'quantity': 1, 'price': 425, 'gross_item_price': 575, 'net_item_price': 425, 'item_discount': 150, 'created': '2023-06-12T22:18:47+00:00'}]","[{'type': 'total', 'value': 0}, {'type': 'gratuity', 'value': 0}]",closed,2023-06-12T22:18:52+00:00,2023-06-12T22:18:52+00:00
98d7ab0f-4de6-4be4-9156-84b6be806f92,163696,126664,9,Pu8tjh9ILkMcykSrn8P1qJ0xa9UZY,2023-06-12T22:21:30+00:00,2046,2046,0,0,0,,,"[{'id': None, 'location_id': 126664, 'external_item_id': 'DA6LYEC57GG24LLNVG6H5EYA', 'external_category_ids': ['Combos'], 'quantity': 1, 'price': 2046, 'gross_item_price': 2046, 'net_item_price': 2046, 'item_discount': 0, 'created': '2023-06-12T22:21:28+00:00'}]","[{'type': 'total', 'value': 0}, {'type': 'gratuity', 'value': 0}]",closed,2023-06-12T22:21:34+00:00,2023-06-12T22:21:34+00:00
24fbb81e-dc79-48a9-abe6-66df30a71ac6,163696,126664,9,bnP4qF2Dobvrk0ci0KyDso0eV,2023-06-12T22:24:02+00:00,1399,1399,210,0,0,TMULmkxeiKUITSrW,,"[{'id': None, 'location_id': 126664, 'external_item_id': 'IAA3IJSCB5NWEM6WONLWSSYT', 'external_category_ids': ['Combos'], 'quantity': 1, 'price': 1399, 'gross_item_price': 1399, 'net_item_price': 1399, 'item_discount': 0, 'created': '2023-06-12T22:24:02+00:00'}]","[{'type': 'total', 'value': 210}, {'type': 'gratuity', 'value': 0}]",closed,2023-06-12T22:24:11+00:00,2023-06-12T22:24:30+00:00
6362d693-af78-4b47-abf6-40f6432de010,163696,126664,9,3NBBv0T1BykbXTS6BfCdyIieV,2023-06-12T22:35:53+00:00,2299,2299,0,0,0,TMULmkxeiKUITSrW,,"[{'id': None, 'location_id': 126664, 'external_item_id': 'P2BMYDVE2YW5XOQRO4PJCQHT', 'external_category_ids': ['Combos'], 'quantity': 1, 'price': 2299, 'gross_item_price': 2299, 'net_item_price': 2299, 'item_discount': 0, 'created': '2023-06-12T22:35:53+00:00'}]","[{'type': 'total', 'value': 0}, {'type': 'gratuity', 'value': 0}]",closed,2023-06-12T22:36:00+00:00,2023-06-12T22:36:21+00:00
2cb214b8-47c6-48c2-b9f1-1a5f2ce1b7ac,163696,126664,9,Fa0BFtFs7hYpagkmaAJvxg2eV,2023-06-12T22:43:18+00:00,1347,1347,202,0,0,TMULmkxeiKUITSrW,,"[{'id': None, 'location_id': 126664, 'external_item_id': 'EKCUTKWPRCXZ5ZBG4FX3XUFT', 'external_category_ids': ['Sandwiches'], 'quantity': 1, 'price': 449, 'gross_item_price': 449, 'net_item_price': 449, 'item_discount': 0, 'created': '2023-06-12T22:43:18+00:00'}, {'id': None, 'location_id': 126664, 'external_item_id': 'L44BMPUIUSM7CWF2QMIOGGPL', 'external_category_ids': ['Sandwiches'], 'quantity': 2, 'price': 898, 'gross_item_price': 898, 'net_item_price': 898, 'item_discount': 0, 'created': '2023-06-12T22:43:18+00:00'}]","[{'type': 'total', 'value': 202}, {'type': 'gratuity', 'value': 0}]",closed,2023-06-12T22:43:25+00:00,2023-06-12T22:43:48+00:00
b46ff152-e2ee-417f-986f-e2dca31b2376,163696,126664,9,ftRUo1Q77DWQhcckPelKaJgeV,2023-06-12T22:46:25+00:00,499,499,0,0,0,TMULmkxeiKUITSrW,,"[{'id': None, 'location_id': 126664, 'external_item_id': '2FTEGN36NN3OO7BUCM3BGYON', 'external_category_ids': ['Sandwiches'], 'quantity': 1, 'price': 499, 'gross_item_price': 499, 'net_item_price': 499, 'item_discount': 0, 'created': '2023-06-12T22:46:25+00:00'}]","[{'type': 'total', 'value': 0}, {'type': 'gratuity', 'value': 0}]",closed,2023-06-12T22:46:30+00:00,2023-06-12T22:46:52+00:00
ac516a77-a16c-48d8-a8c3-e26449a67c91,163696,126664,9,HdtpLtWU6qfeupepuV3Q0l9eV,2023-06-12T22:47:38+00:00,1399,1399,0,0,0,TMULmkxeiKUITSrW,,"[{'id': None, 'location_id': 126664, 'external_item_id': 'IAA3IJSCB5NWEM6WONLWSSYT', 'external_category_ids': ['Combos'], 'quantity': 1, 'price': 1399, 'gross_item_price': 1399, 'net_item_price': 1399, 'item_discount': 0, 'created': '2023-06-12T22:47:38+00:00'}]","[{'type': 'total', 'value': 0}, {'type': 'gratuity', 'value': 0}]",closed,2023-06-12T22:47:45+00:00,2023-06-12T22:48:07+00:00
56bbe40d-2205-4d94-b523-c844b4530587,163696,126664,9,rmvsBKOOLr44sVXQionkPgRlRJ8YY,2023-06-12T22:53:05+00:00,2596,3396,0,800,800,,,"[{'id': None, 'location_id': 126664, 'external_item_id': 'IAA3IJSCB5NWEM6WONLWSSYT', 'external_category_ids': ['Combos'], 'quantity': 1, 'price': 1221, 'gross_item_price': 1597, 'net_item_price': 1221, 'item_discount': 376, 'created': '2023-06-12T22:53:04+00:00'}, {'id': None, 'location_id': 126664, 'external_item_id': 'AOQI5PFK5ECCFQLKBPVJE7TX', 'external_category_ids': ['Sauces'], 'quantity': 1, 'price': 96, 'gross_item_price': 125, 'net_item_price': 96, 'item_discount': 29, 'created': '2023-06-12T22:53:04+00:00'}, {'id': None, 'location_id': 126664, 'external_item_id': '2FTEGN36NN3OO7BUCM3BGYON', 'external_category_ids': ['Sandwiches'], 'quantity': 1, 'price': 439, 'gross_item_price': 575, 'net_item_price': 439, 'item_discount': 136, 'created': '2023-06-12T22:53:04+00:00'}, {'id': None, 'location_id': 126664, 'external_item_id': 'HI2I5IBVXCT6AD6TSAMF2XLP', 'external_category_ids': ['Sandwiches'], 'quantity': 1, 'price': 439, 'gross_item_price': 575, 'net_item_price': 439, 'item_discount': 136, 'created': '2023-06-12T22:53:04+00:00'}, {'id': None, 'location_id': 126664, 'external_item_id': 'HIGOY6ONFOISUNI5H3DD4FIU', 'external_category_ids': ['Sauces'], 'quantity': 1, 'price': 96, 'gross_item_price': 125, 'net_item_price': 96, 'item_discount': 29, 'created': '2023-06-12T22:53:04+00:00'}, {'id': None, 'location_id': 126664, 'external_item_id': 'WU3GGBKK6R6TVH5ZF6ZQM7H6', 'external_category_ids': ['Sides'], 'quantity': 1, 'price': 305, 'gross_item_price': 399, 'net_item_price': 305, 'item_discount': 94, 'created': '2023-06-12T22:53:04+00:00'}]","[{'type': 'total', 'value': 0}, {'type': 'gratuity', 'value': 0}]",closed,2023-06-12T22:53:09+00:00,2023-06-12T22:53:09+00:00
622cb711-f9f5-400a-aad7-3c27f9fe38bf,163696,126664,9,lySuNHmrW0ml7IDXFaarIrleV,2023-06-12T23:03:44+00:00,2398,2398,200,0,0,TMULmkxeiKUITSrW,,"[{'id': None, 'location_id': 126664, 'external_item_id': 'P2BMYDVE2YW5XOQRO4PJCQHT', 'external_category_ids': ['Combos'], 'quantity': 1, 'price': 2299, 'gross_item_price': 2299, 'net_item_price': 2299, 'item_discount': 0, 'created': '2023-06-12T23:03:44+00:00'}, {'id': None, 'location_id': 126664, 'external_item_id': 'XHHLP5BLKYYQ2QGY3JFN5USX', 'external_category_ids': ['Sauces'], 'quantity': 1, 'price': 99, 'gross_item_price': 99, 'net_item_price': 99, 'item_discount': 0, 'created': '2023-06-12T23:03:44+00:00'}]","[{'type': 'total', 'value': 200}, {'type': 'gratuity', 'value': 0}]",closed,2023-06-12T23:03:50+00:00,2023-06-12T23:04:13+00:00
c4a689e1-671a-4b8f-bcb7-4d5e6d756b04,163696,126664,9,VoxsCkjPuHezL1xQroTaPnkeV,2023-06-12T23:09:14+00:00,1497,1497,299,0,0,TMULmkxeiKUITSrW,,"[{'id': None, 'location_id': 126664, 'external_item_id': '2FTEGN36NN3OO7BUCM3BGYON', 'external_category_ids': ['Sandwiches'], 'quantity': 1, 'price': 499, 'gross_item_price': 499, 'net_item_price': 499, 'item_discount': 0, 'created': '2023-06-12T23:09:14+00:00'}, {'id': None, 'location_id': 126664, 'external_item_id': '2LGRXFTJXJZVU6I2AHHE7D2M', 'external_category_ids': ['Sandwiches'], 'quantity': 1, 'price': 499, 'gross_item_price': 499, 'net_item_price': 499, 'item_discount': 0, 'created': '2023-06-12T23:09:14+00:00'}, {'id': None, 'location_id': 126664, 'external_item_id': '3YS6DKZVVMJMO62G3MG7MRBD', 'external_category_ids': ['Sandwiches'], 'quantity': 1, 'price': 499, 'gross_item_price': 499, 'net_item_price': 499, 'item_discount': 0, 'created': '2023-06-12T23:09:14+00:00'}]","[{'type': 'total', 'value': 299}, {'type': 'gratuity', 'value': 0}]",closed,2023-06-12T23:09:19+00:00,2023-06-12T23:09:42+00:00
869b3d8f-c624-4658-a733-c2ec47276f42,163696,126664,9,di0QgBSsy5wisPcSJuGddE9eV,2023-06-12T23:09:51+00:00,998,998,100,0,0,TMULmkxeiKUITSrW,,"[{'id': None, 'location_id': 126664, 'external_item_id': '2FTEGN36NN3OO7BUCM3BGYON', 'external_category_ids': ['Sandwiches'], 'quantity': 2, 'price': 998, 'gross_item_price': 998, 'net_item_price': 998, 'item_discount': 0, 'created': '2023-06-12T23:09:51+00:00'}]","[{'type': 'total', 'value': 100}, {'type': 'gratuity', 'value': 0}]",closed,2023-06-12T23:09:57+00:00,2023-06-12T23:10:19+00:00
df6e35fc-8278-407a-a4b5-9bc23dbc1169,163696,126664,9,xRfcoxFlsRFHZBUKazwBEi4kctUZY,2023-06-12T23:19:14+00:00,4091,4891,0,800,800,,,"[{'id': None, 'location_id': 126664, 'external_item_id': 'P2BMYDVE2YW5XOQRO4PJCQHT', 'external_category_ids': ['Combos'], 'quantity': 1, 'price': 2087, 'gross_item_price': 2495, 'net_item_price': 2087, 'item_discount': 408, 'created': '2023-06-12T23:19:12+00:00'}, {'id': None, 'location_id': 126664, 'external_item_id': 'P2BMYDVE2YW5XOQRO4PJCQHT', 'external_category_ids': ['Combos'], 'quantity': 1, 'price': 2004, 'gross_item_price': 2396, 'net_item_price': 2004, 'item_discount': 392, 'created': '2023-06-12T23:19:12+00:00'}]","[{'type': 'total', 'value': 0}, {'type': 'gratuity', 'value': 0}]",closed,2023-06-12T23:19:17+00:00,2023-06-12T23:19:17+00:00
f8f721b7-5238-43e6-87d5-219e410e64c8,163696,126664,9,BbiRiHvDNnyxW8AtizPQLIrSD4PZY,2023-06-12T23:22:13+00:00,1722,1722,0,0,0,,,"[{'id': None, 'location_id': 126664, 'external_item_id': 'AOQI5PFK5ECCFQLKBPVJE7TX', 'external_category_ids': ['Sauces'], 'quantity': 1, 'price': 125, 'gross_item_price': 125, 'net_item_price': 125, 'item_discount': 0, 'created': '2023-06-12T23:22:12+00:00'}, {'id': None, 'location_id': 126664, 'external_item_id': 'IAA3IJSCB5NWEM6WONLWSSYT', 'external_category_ids': ['Combos'], 'quantity': 1, 'price': 1597, 'gross_item_price': 1597, 'net_item_price': 1597, 'item_discount': 0, 'created': '2023-06-12T23:22:12+00:00'}]","[{'type': 'total', 'value': 0}, {'type': 'gratuity', 'value': 0}]",closed,2023-06-12T23:22:16+00:00,2023-06-12T23:22:16+00:00
4392487d-d0ed-4601-9a84-9908e78446d8,163696,126664,9,DAmEv13zDyRLX1z1lnKGgQfhsfFZY,2023-06-12T23:22:13+00:00,2694,3494,0,800,800,,,"[{'id': None, 'location_id': 126664, 'external_item_id': 'P2BMYDVE2YW5XOQRO4PJCQHT', 'external_category_ids': ['Combos'], 'quantity': 1, 'price': 1924, 'gross_item_price': 2495, 'net_item_price': 1924, 'item_discount': 571, 'created': '2023-06-12T23:22:12+00:00'}, {'id': None, 'location_id': 126664, 'external_item_id': 'FFLBZHOYOGKTDBSVIVUGVFQK', 'external_category_ids': ['Sides'], 'quantity': 1, 'price': 770, 'gross_item_price': 999, 'net_item_price': 770, 'item_discount': 229, 'created': '2023-06-12T23:22:12+00:00'}]","[{'type': 'total', 'value': 0}, {'type': 'gratuity', 'value': 0}]",closed,2023-06-12T23:22:18+00:00,2023-06-12T23:22:18+00:00
eba3aa38-43b0-4a8f-9538-4eb65b8ec9b4,163696,126664,9,rD12g6rTAsUEE18qULc72P9eV,2023-06-12T23:26:20+00:00,3094,3094,200,0,0,TMULmkxeiKUITSrW,,"[{'id': None, 'location_id': 126664, 'external_item_id': '2FTEGN36NN3OO7BUCM3BGYON', 'external_category_ids': ['Sandwiches'], 'quantity': 1, 'price': 499, 'gross_item_price': 499, 'net_item_price': 499, 'item_discount': 0, 'created': '2023-06-12T23:26:20+00:00'}, {'id': None, 'location_id': 126664, 'external_item_id': 'W7R2LJEQGCQDUBQWCDIINYPH', 'external_category_ids': ['Sandwiches'], 'quantity': 2, 'price': 998, 'gross_item_price': 998, 'net_item_price': 998, 'item_discount': 0, 'created': '2023-06-12T23:26:20+00:00'}, {'id': None, 'location_id': 126664, 'external_item_id': 'XHHLP5BLKYYQ2QGY3JFN5USX', 'external_category_ids': ['Sauces'], 'quantity': 1, 'price': 99, 'gross_item_price': 99, 'net_item_price': 99, 'item_discount': 0, 'created': '2023-06-12T23:26:20+00:00'}, {'id': None, 'location_id': 126664, 'external_item_id': 'IAA3IJSCB5NWEM6WONLWSSYT', 'external_category_ids': ['Combos'], 'quantity': 1, 'price': 1399, 'gross_item_price': 1399, 'net_item_price': 1399, 'item_discount': 0, 'created': '2023-06-12T23:26:20+00:00'}, {'id': None, 'location_id': 126664, 'external_item_id': 'XHHLP5BLKYYQ2QGY3JFN5USX', 'external_category_ids': ['Sauces'], 'quantity': 1, 'price': 99, 'gross_item_price': 99, 'net_item_price': 99, 'item_discount': 0, 'created': '2023-06-12T23:26:20+00:00'}]","[{'type': 'total', 'value': 200}, {'type': 'gratuity', 'value': 0}]",closed,2023-06-12T23:26:29+00:00,2023-06-12T23:26:47+00:00
3f1190bc-e234-4901-81d6-15efc1002d52,163696,126664,9,ZOx7AXyMTSiG9WX2XZk6mv1eV,2023-06-12T23:38:19+00:00,249,499,0,250,250,TMULmkxeiKUITSrW,,"[{'id': None, 'location_id': 126664, 'external_item_id': 'WBRVLLFUVDZB4F4HRCWEE7SD', 'external_category_ids': ['Sandwiches'], 'quantity': 1, 'price': 249, 'gross_item_price': 499, 'net_item_price': 249, 'item_discount': 250, 'created': '2023-06-12T23:38:19+00:00'}]","[{'type': 'total', 'value': 0}, {'type': 'gratuity', 'value': 0}]",closed,2023-06-12T23:38:25+00:00,2023-06-12T23:38:48+00:00
9c60d20e-0674-4b74-9630-b442b45c2b6f,163696,126664,9,9xarO0SWO99SssDsqg9O2YkEUnIZY,2023-06-12T23:50:14+00:00,5790,5790,0,0,0,,,"[{'id': None, 'location_id': 126664, 'external_item_id': 'IAA3IJSCB5NWEM6WONLWSSYT', 'external_category_ids': ['Combos'], 'quantity': 1, 'price': 1597, 'gross_item_price': 1597, 'net_item_price': 1597, 'item_discount': 0, 'created': '2023-06-12T23:50:13+00:00'}, {'id': None, 'location_id': 126664, 'external_item_id': 'IAA3IJSCB5NWEM6WONLWSSYT', 'external_category_ids': ['Combos'], 'quantity': 1, 'price': 1797, 'gross_item_price': 1797, 'net_item_price': 1797, 'item_discount': 0, 'created': '2023-06-12T23:50:13+00:00'}, {'id': None, 'location_id': 126664, 'external_item_id': 'P2BMYDVE2YW5XOQRO4PJCQHT', 'external_category_ids': ['Combos'], 'quantity': 1, 'price': 2396, 'gross_item_price': 2396, 'net_item_price': 2396, 'item_discount': 0, 'created': '2023-06-12T23:50:13+00:00'}]","[{'type': 'total', 'value': 0}, {'type': 'gratuity', 'value': 0}]",closed,2023-06-12T23:50:18+00:00,2023-06-12T23:50:18+00:00
f665394b-6788-4932-b0e5-fb835b46b05c,163696,126664,9,r0gpDHHYMZdKSChRAwxOq8iIYAVZY,2023-06-12T23:53:25+00:00,1597,1597,0,0,0,,,"[{'id': None, 'location_id': 126664, 'external_item_id': 'IAA3IJSCB5NWEM6WONLWSSYT', 'external_category_ids': ['Combos'], 'quantity': 1, 'price': 1597, 'gross_item_price': 1597, 'net_item_price': 1597, 'item_discount': 0, 'created': '2023-06-12T23:53:24+00:00'}]","[{'type': 'total', 'value': 0}, {'type': 'gratuity', 'value': 0}]",closed,2023-06-12T23:53:28+00:00,2023-06-12T23:53:28+00:00
3b45dbc4-5ac4-48e3-b76f-93f552a402e0,163696,126664,9,f0xofh6dFCMeTcJqeZM8yJRCs9fZY,2023-06-12T23:57:21+00:00,1722,1722,0,0,0,,,"[{'id': None, 'location_id': 126664, 'external_item_id': 'IAA3IJSCB5NWEM6WONLWSSYT', 'external_category_ids': ['Combos'], 'quantity': 1, 'price': 1597, 'gross_item_price': 1597, 'net_item_price': 1597, 'item_discount': 0, 'created': '2023-06-12T23:57:20+00:00'}, {'id': None, 'location_id': 126664, 'external_item_id': 'HIGOY6ONFOISUNI5H3DD4FIU', 'external_category_ids': ['Sauces'], 'quantity': 1, 'price': 125, 'gross_item_price': 125, 'net_item_price': 125, 'item_discount': 0, 'created': '2023-06-12T23:57:20+00:00'}]","[{'type': 'total', 'value': 0}, {'type': 'gratuity', 'value': 0}]",closed,2023-06-12T23:57:25+00:00,2023-06-12T23:57:25+00:00
8c6d7827-4ee2-4ebe-a1aa-2b3ff985f6f5,163696,126664,9,DrRtK3IqzI1CWahudBqhPyheV,2023-06-13T00:00:26+00:00,4697,4697,200,0,0,TMULmkxeiKUITSrW,,"[{'id': None, 'location_id': 126664, 'external_item_id': 'P2BMYDVE2YW5XOQRO4PJCQHT', 'external_category_ids': ['Combos'], 'quantity': 1, 'price': 2299, 'gross_item_price': 2299, 'net_item_price': 2299, 'item_discount': 0, 'created': '2023-06-13T00:00:26+00:00'}, {'id': None, 'location_id': 126664, 'external_item_id': 'P2BMYDVE2YW5XOQRO4PJCQHT', 'external_category_ids': ['Combos'], 'quantity': 1, 'price': 2398, 'gross_item_price': 2398, 'net_item_price': 2398, 'item_discount': 0, 'created': '2023-06-13T00:00:26+00:00'}]","[{'type': 'total', 'value': 200}, {'type': 'gratuity', 'value': 0}]",closed,2023-06-13T00:00:32+00:00,2023-06-13T00:00:54+00:00
6d73c8e3-ea94-4ed3-8475-166d443a97a9,163696,126664,9,ZB3PhOIKKqh20U0mC8OTefTlZQeZY,2023-06-13T00:10:14+00:00,4044,4044,0,0,0,,,"[{'id': None, 'location_id': 126664, 'external_item_id': 'WU3GGBKK6R6TVH5ZF6ZQM7H6', 'external_category_ids': ['Sides'], 'quantity': 1, 'price': 399, 'gross_item_price': 399, 'net_item_price': 399, 'item_discount': 0, 'created': '2023-06-13T00:10:12+00:00'}, {'id': None, 'location_id': 126664, 'external_item_id': 'HI2I5IBVXCT6AD6TSAMF2XLP', 'external_category_ids': ['Sandwiches'], 'quantity': 1, 'price': 575, 'gross_item_price': 575, 'net_item_price': 575, 'item_discount': 0, 'created': '2023-06-13T00:10:12+00:00'}, {'id': None, 'location_id': 126664, 'external_item_id': 'P2BMYDVE2YW5XOQRO4PJCQHT', 'external_category_ids': ['Combos'], 'quantity': 1, 'price': 2495, 'gross_item_price': 2495, 'net_item_price': 2495, 'item_discount': 0, 'created': '2023-06-13T00:10:12+00:00'}, {'id': None, 'location_id': 126664, 'external_item_id': '2FTEGN36NN3OO7BUCM3BGYON', 'external_category_ids': ['Sandwiches'], 'quantity': 1, 'price': 575, 'gross_item_price': 575, 'net_item_price': 575, 'item_discount': 0, 'created': '2023-06-13T00:10:12+00:00'}]","[{'type': 'total', 'value': 0}, {'type': 'gratuity', 'value': 0}]",closed,2023-06-13T00:10:18+00:00,2023-06-13T00:10:18+00:00
0d4d2f3a-267b-4a01-996b-ff76488a7d6d,163696,126664,9,rVIphVsBaPAOYgcaHKrsWdweV,2023-06-13T00:21:34+00:00,1399,1399,210,0,0,TMULmkxeiKUITSrW,,"[{'id': None, 'location_id': 126664, 'external_item_id': 'IAA3IJSCB5NWEM6WONLWSSYT', 'external_category_ids': ['Combos'], 'quantity': 1, 'price': 1399, 'gross_item_price': 1399, 'net_item_price': 1399, 'item_discount': 0, 'created': '2023-06-13T00:21:34+00:00'}]","[{'type': 'total', 'value': 210}, {'type': 'gratuity', 'value': 0}]",closed,2023-06-13T00:21:40+00:00,2023-06-13T00:22:01+00:00
e00c6a59-c8b3-46a7-a4d8-36485ae64386,163696,126664,9,JgWzIaBSLkKn5maXwtmVrAveV,2023-06-13T00:23:17+00:00,6897,6897,1379,0,0,TMULmkxeiKUITSrW,,"[{'id': None, 'location_id': 126664, 'external_item_id': 'P2BMYDVE2YW5XOQRO4PJCQHT', 'external_category_ids': ['Combos'], 'quantity': 1, 'price': 2299, 'gross_item_price': 2299, 'net_item_price': 2299, 'item_discount': 0, 'created': '2023-06-13T00:23:17+00:00'}, {'id': None, 'location_id': 126664, 'external_item_id': 'P2BMYDVE2YW5XOQRO4PJCQHT', 'external_category_ids': ['Combos'], 'quantity': 2, 'price': 4598, 'gross_item_price': 4598, 'net_item_price': 4598, 'item_discount': 0, 'created': '2023-06-13T00:23:17+00:00'}]","[{'type': 'total', 'value': 1379}, {'type': 'gratuity', 'value': 0}]",closed,2023-06-13T00:23:23+00:00,2023-06-13T00:23:45+00:00
03ac6490-e90d-454a-9cb4-9d87c4c147b5,163696,126664,9,ROHzB2ZL5PgUTVzEKN1QLL2eV,2023-06-13T00:27:55+00:00,1745,1745,0,0,0,TMULmkxeiKUITSrW,,"[{'id': None, 'location_id': 126664, 'external_item_id': 'L44BMPUIUSM7CWF2QMIOGGPL', 'external_category_ids': ['Sandwiches'], 'quantity': 1, 'price': 449, 'gross_item_price': 449, 'net_item_price': 449, 'item_discount': 0, 'created': '2023-06-13T00:27:55+00:00'}, {'id': None, 'location_id': 126664, 'external_item_id': 'EKCUTKWPRCXZ5ZBG4FX3XUFT', 'external_category_ids': ['Sandwiches'], 'quantity': 1, 'price': 449, 'gross_item_price': 449, 'net_item_price': 449, 'item_discount': 0, 'created': '2023-06-13T00:27:55+00:00'}, {'id': None, 'location_id': 126664, 'external_item_id': 'D3ZTLODGX3KJKF3HA7HFEGMK', 'external_category_ids': ['Sandwiches'], 'quantity': 1, 'price': 449, 'gross_item_price': 449, 'net_item_price': 449, 'item_discount': 0, 'created': '2023-06-13T00:27:55+00:00'}, {'id': None, 'location_id': 126664, 'external_item_id': 'HIGOY6ONFOISUNI5H3DD4FIU', 'external_category_ids': ['Sauces'], 'quantity': 1, 'price': 99, 'gross_item_price': 99, 'net_item_price': 99, 'item_discount': 0, 'created': '2023-06-13T00:27:55+00:00'}, {'id': None, 'location_id': 126664, 'external_item_id': 'WU3GGBKK6R6TVH5ZF6ZQM7H6', 'external_category_ids': ['Sides'], 'quantity': 1, 'price': 299, 'gross_item_price': 299, 'net_item_price': 299, 'item_discount': 0, 'created': '2023-06-13T00:27:55+00:00'}]","[{'type': 'total', 'value': 0}, {'type': 'gratuity', 'value': 0}]",closed,2023-06-13T00:28:02+00:00,2023-06-13T00:28:22+00:00
4d214f79-5bc4-4707-b4b4-03749e630ec9,163696,126664,9,luSpaJn9Ksx4mMBj65Bx2zeeV,2023-06-13T00:33:29+00:00,749,749,0,0,0,TMULmkxeiKUITSrW,,"[{'id': None, 'location_id': 126664, 'external_item_id': 'HI2I5IBVXCT6AD6TSAMF2XLP', 'external_category_ids': ['Sandwiches'], 'quantity': 1, 'price': 499, 'gross_item_price': 499, 'net_item_price': 499, 'item_discount': 0, 'created': '2023-06-13T00:33:29+00:00'}, {'id': None, 'location_id': 126664, 'external_item_id': 'X3O2NEJWQATV2UCH6ZORX7W5', 'external_category_ids': ['Drinks'], 'quantity': 1, 'price': 250, 'gross_item_price': 250, 'net_item_price': 250, 'item_discount': 0, 'created': '2023-06-13T00:33:29+00:00'}]","[{'type': 'total', 'value': 0}, {'type': 'gratuity', 'value': 0}]",closed,2023-06-13T00:33:36+00:00,2023-06-13T00:33:57+00:00
83c8e238-0e51-4e0a-bf5c-115b56c0f33d,163696,126664,9,F8LW6DHELl5ydaHZ6hFMEDyeV,2023-06-13T00:34:41+00:00,499,499,0,0,0,TMULmkxeiKUITSrW,,"[{'id': None, 'location_id': 126664, 'external_item_id': '2FTEGN36NN3OO7BUCM3BGYON', 'external_category_ids': ['Sandwiches'], 'quantity': 1, 'price': 499, 'gross_item_price': 499, 'net_item_price': 499, 'item_discount': 0, 'created': '2023-06-13T00:34:41+00:00'}]","[{'type': 'total', 'value': 0}, {'type': 'gratuity', 'value': 0}]",closed,2023-06-13T00:34:49+00:00,2023-06-13T00:35:10+00:00
b6c8272c-ff58-481b-8440-65d313601e90,163696,126664,9,PCaFexI7KhXQNg6GfozRmcYVP5EZY,2023-06-13T00:44:09+00:00,2346,3146,0,800,800,,,"[{'id': None, 'location_id': 126664, 'external_item_id': 'X3O2NEJWQATV2UCH6ZORX7W5', 'external_category_ids': ['Drinks'], 'quantity': 3, 'price': 559, 'gross_item_price': 750, 'net_item_price': 559, 'item_discount': 191, 'created': '2023-06-13T00:44:08+00:00'}, {'id': None, 'location_id': 126664, 'external_item_id': 'P2BMYDVE2YW5XOQRO4PJCQHT', 'external_category_ids': ['Combos'], 'quantity': 1, 'price': 1787, 'gross_item_price': 2396, 'net_item_price': 1787, 'item_discount': 609, 'created': '2023-06-13T00:44:08+00:00'}]","[{'type': 'total', 'value': 0}, {'type': 'gratuity', 'value': 0}]",closed,2023-06-13T00:44:15+00:00,2023-06-13T00:44:15+00:00
3c538480-9a20-45a2-a337-f7a3c22f43f1,163696,126664,9,NGgJRygHJau8S3NvSXqoM7leV,2023-06-13T00:51:32+00:00,1597,1597,0,0,0,TMkIwDJHR0z-mQyN,,"[{'id': None, 'location_id': 126664, 'external_item_id': 'IAA3IJSCB5NWEM6WONLWSSYT', 'external_category_ids': ['Combos'], 'quantity': 1, 'price': 1498, 'gross_item_price': 1498, 'net_item_price': 1498, 'item_discount': 0, 'created': '2023-06-13T00:51:32+00:00'}, {'id': None, 'location_id': 126664, 'external_item_id': 'XHHLP5BLKYYQ2QGY3JFN5USX', 'external_category_ids': ['Sauces'], 'quantity': 1, 'price': 99, 'gross_item_price': 99, 'net_item_price': 99, 'item_discount': 0, 'created': '2023-06-13T00:51:32+00:00'}]","[{'type': 'total', 'value': 0}, {'type': 'gratuity', 'value': 0}]",closed,2023-06-13T00:51:37+00:00,2023-06-13T00:52:01+00:00
f78829fd-ec28-4c31-9ca0-0c8bf1c6a55a,163696,126664,9,Pr4WaEDNHXAWSaYkbinnh95eV,2023-06-13T01:02:23+00:00,499,499,0,0,0,TMULmkxeiKUITSrW,,"[{'id': None, 'location_id': 126664, 'external_item_id': '2FTEGN36NN3OO7BUCM3BGYON', 'external_category_ids': ['Sandwiches'], 'quantity': 1, 'price': 499, 'gross_item_price': 499, 'net_item_price': 499, 'item_discount': 0, 'created': '2023-06-13T01:02:23+00:00'}]","[{'type': 'total', 'value': 0}, {'type': 'gratuity', 'value': 0}]",closed,2023-06-13T01:02:29+00:00,2023-06-13T01:02:51+00:00
1f36a361-172a-4834-8382-80d9a1942fce,163696,126664,9,1IpoGlV399byEIEOSm2RzR2eV,2023-06-13T01:03:37+00:00,2046,2046,409,0,0,TMULmkxeiKUITSrW,,"[{'id': None, 'location_id': 126664, 'external_item_id': 'IAA3IJSCB5NWEM6WONLWSSYT', 'external_category_ids': ['Combos'], 'quantity': 1, 'price': 1498, 'gross_item_price': 1498, 'net_item_price': 1498, 'item_discount': 0, 'created': '2023-06-13T01:03:37+00:00'}, {'id': None, 'location_id': 126664, 'external_item_id': 'XHHLP5BLKYYQ2QGY3JFN5USX', 'external_category_ids': ['Sauces'], 'quantity': 1, 'price': 99, 'gross_item_price': 99, 'net_item_price': 99, 'item_discount': 0, 'created': '2023-06-13T01:03:37+00:00'}, {'id': None, 'location_id': 126664, 'external_item_id': 'R23446GLVBNGZD43WFRVRJRP', 'external_category_ids': ['Sandwiches'], 'quantity': 1, 'price': 449, 'gross_item_price': 449, 'net_item_price': 449, 'item_discount': 0, 'created': '2023-06-13T01:03:37+00:00'}]","[{'type': 'total', 'value': 409}, {'type': 'gratuity', 'value': 0}]",closed,2023-06-13T01:03:45+00:00,2023-06-13T01:04:07+00:00
58c8a0d9-c178-48bc-9f7d-60ff4f693977,163696,126664,9,B6FJZ7e1gt1WBraXEyPMZCueV,2023-06-13T01:05:48+00:00,1498,1498,0,0,0,TMULmkxeiKUITSrW,,"[{'id': None, 'location_id': 126664, 'external_item_id': 'IAA3IJSCB5NWEM6WONLWSSYT', 'external_category_ids': ['Combos'], 'quantity': 1, 'price': 1399, 'gross_item_price': 1399, 'net_item_price': 1399, 'item_discount': 0, 'created': '2023-06-13T01:05:48+00:00'}, {'id': None, 'location_id': 126664, 'external_item_id': 'HIGOY6ONFOISUNI5H3DD4FIU', 'external_category_ids': ['Sauces'], 'quantity': 1, 'price': 99, 'gross_item_price': 99, 'net_item_price': 99, 'item_discount': 0, 'created': '2023-06-13T01:05:48+00:00'}]","[{'type': 'total', 'value': 0}, {'type': 'gratuity', 'value': 0}]",closed,2023-06-13T01:05:53+00:00,2023-06-13T01:06:16+00:00
9875c791-eade-4484-a96f-ce01e1b42f01,163696,126664,9,JJ5y6bVqFl8jV4KddmAtjBtTnJ9YY,2023-06-13T01:07:36+00:00,1597,1597,0,0,0,,,"[{'id': None, 'location_id': 126664, 'external_item_id': 'IAA3IJSCB5NWEM6WONLWSSYT', 'external_category_ids': ['Combos'], 'quantity': 1, 'price': 1597, 'gross_item_price': 1597, 'net_item_price': 1597, 'item_discount': 0, 'created': '2023-06-13T01:07:36+00:00'}]","[{'type': 'total', 'value': 0}, {'type': 'gratuity', 'value': 0}]",closed,2023-06-13T01:07:39+00:00,2023-06-13T01:07:39+00:00
73dcb40e-95cc-45bb-aec1-a1516382f0ae,163696,126664,9,Ze5XOt7LPf5jKHZjVlNoawseV,2023-06-13T01:09:59+00:00,1498,1498,0,0,0,TMULmkxeiKUITSrW,,"[{'id': None, 'location_id': 126664, 'external_item_id': 'IAA3IJSCB5NWEM6WONLWSSYT', 'external_category_ids': ['Combos'], 'quantity': 1, 'price': 1399, 'gross_item_price': 1399, 'net_item_price': 1399, 'item_discount': 0, 'created': '2023-06-13T01:09:59+00:00'}, {'id': None, 'location_id': 126664, 'external_item_id': 'XHHLP5BLKYYQ2QGY3JFN5USX', 'external_category_ids': ['Sauces'], 'quantity': 1, 'price': 99, 'gross_item_price': 99, 'net_item_price': 99, 'item_discount': 0, 'created': '2023-06-13T01:09:59+00:00'}]","[{'type': 'total', 'value': 0}, {'type': 'gratuity', 'value': 0}]",closed,2023-06-13T01:10:09+00:00,2023-06-13T01:10:29+00:00
f4502078-cb1d-4067-a9dd-eeb25ec64480,163696,126664,9,nJ3pqMi1O7x5H4xSRguiSJieV,2023-06-13T01:11:43+00:00,2996,2996,0,0,0,TMULmkxeiKUITSrW,,"[{'id': None, 'location_id': 126664, 'external_item_id': 'IAA3IJSCB5NWEM6WONLWSSYT', 'external_category_ids': ['Combos'], 'quantity': 1, 'price': 1399, 'gross_item_price': 1399, 'net_item_price': 1399, 'item_discount': 0, 'created': '2023-06-13T01:11:43+00:00'}, {'id': None, 'location_id': 126664, 'external_item_id': 'XHHLP5BLKYYQ2QGY3JFN5USX', 'external_category_ids': ['Sauces'], 'quantity': 1, 'price': 99, 'gross_item_price': 99, 'net_item_price': 99, 'item_discount': 0, 'created': '2023-06-13T01:11:43+00:00'}, {'id': None, 'location_id': 126664, 'external_item_id': 'HIGOY6ONFOISUNI5H3DD4FIU', 'external_category_ids': ['Sauces'], 'quantity': 1, 'price': 99, 'gross_item_price': 99, 'net_item_price': 99, 'item_discount': 0, 'created': '2023-06-13T01:11:43+00:00'}, {'id': None, 'location_id': 126664, 'external_item_id': 'IAA3IJSCB5NWEM6WONLWSSYT', 'external_category_ids': ['Combos'], 'quantity': 1, 'price': 1399, 'gross_item_price': 1399, 'net_item_price': 1399, 'item_discount': 0, 'created': '2023-06-13T01:11:43+00:00'}]","[{'type': 'total', 'value': 0}, {'type': 'gratuity', 'value': 0}]",closed,2023-06-13T01:11:50+00:00,2023-06-13T01:12:12+00:00
9c46fc4d-f644-47c4-8b4e-e5f89d7a6645,163696,126664,9,VFujsHNCIbWpeBOFOrrKkxd9dMHZY,2023-06-13T01:19:22+00:00,1675,1675,0,0,0,,,"[{'id': None, 'location_id': 126664, 'external_item_id': '2FTEGN36NN3OO7BUCM3BGYON', 'external_category_ids': ['Sandwiches'], 'quantity': 1, 'price': 575, 'gross_item_price': 575, 'net_item_price': 575, 'item_discount': 0, 'created': '2023-06-13T01:19:21+00:00'}, {'id': None, 'location_id': 126664, 'external_item_id': 'WBRVLLFUVDZB4F4HRCWEE7SD', 'external_category_ids': ['Sandwiches'], 'quantity': 1, 'price': 575, 'gross_item_price': 575, 'net_item_price': 575, 'item_discount': 0, 'created': '2023-06-13T01:19:21+00:00'}, {'id': None, 'location_id': 126664, 'external_item_id': 'EKCUTKWPRCXZ5ZBG4FX3XUFT', 'external_category_ids': ['Sandwiches'], 'quantity': 1, 'price': 525, 'gross_item_price': 525, 'net_item_price': 525, 'item_discount': 0, 'created': '2023-06-13T01:19:21+00:00'}]","[{'type': 'total', 'value': 0}, {'type': 'gratuity', 'value': 0}]",closed,2023-06-13T01:19:25+00:00,2023-06-13T01:19:25+00:00
88314e5d-e24d-42a4-9b12-5131d2205d25,163696,126664,9,tmE7zcTsoBKsC1uss1DkVFxeV,2023-06-13T01:20:40+00:00,1849,1849,200,0,0,TMULmkxeiKUITSrW,,"[{'id': None, 'location_id': 126664, 'external_item_id': 'DA6LYEC57GG24LLNVG6H5EYA', 'external_category_ids': ['Combos'], 'quantity': 1, 'price': 1849, 'gross_item_price': 1849, 'net_item_price': 1849, 'item_discount': 0, 'created': '2023-06-13T01:20:40+00:00'}]","[{'type': 'total', 'value': 200}, {'type': 'gratuity', 'value': 0}]",closed,2023-06-13T01:20:47+00:00,2023-06-13T01:21:08+00:00
747bf853-bd99-4c4d-95ae-8a3a7e522d44,163696,126664,9,vBfezHxjlwCWQLEbhywSXr9eV,2023-06-13T01:28:33+00:00,2299,2299,0,0,0,TMULmkxeiKUITSrW,,"[{'id': None, 'location_id': 126664, 'external_item_id': 'P2BMYDVE2YW5XOQRO4PJCQHT', 'external_category_ids': ['Combos'], 'quantity': 1, 'price': 2299, 'gross_item_price': 2299, 'net_item_price': 2299, 'item_discount': 0, 'created': '2023-06-13T01:28:33+00:00'}]","[{'type': 'total', 'value': 0}, {'type': 'gratuity', 'value': 0}]",closed,2023-06-13T01:28:42+00:00,2023-06-13T01:29:04+00:00
41b62517-f8e3-4c46-9923-e7d247913197,163696,126664,9,n8nKzJIqrFXujLNvkWawJJSX5pSZY,2023-06-13T01:31:11+00:00,4440,5240,0,800,800,,,"[{'id': None, 'location_id': 126664, 'external_item_id': 'D3ZTLODGX3KJKF3HA7HFEGMK', 'external_category_ids': ['Sandwiches'], 'quantity': 1, 'price': 423, 'gross_item_price': 499, 'net_item_price': 423, 'item_discount': 76, 'created': '2023-06-13T01:31:10+00:00'}, {'id': None, 'location_id': 126664, 'external_item_id': 'HI2I5IBVXCT6AD6TSAMF2XLP', 'external_category_ids': ['Sandwiches'], 'quantity': 1, 'price': 487, 'gross_item_price': 575, 'net_item_price': 487, 'item_discount': 88, 'created': '2023-06-13T01:31:10+00:00'}, {'id': None, 'location_id': 126664, 'external_item_id': 'P2BMYDVE2YW5XOQRO4PJCQHT', 'external_category_ids': ['Combos'], 'quantity': 1, 'price': 2326, 'gross_item_price': 2745, 'net_item_price': 2326, 'item_discount': 419, 'created': '2023-06-13T01:31:10+00:00'}, {'id': None, 'location_id': 126664, 'external_item_id': 'L44BMPUIUSM7CWF2QMIOGGPL', 'external_category_ids': ['Sandwiches'], 'quantity': 1, 'price': 445, 'gross_item_price': 525, 'net_item_price': 445, 'item_discount': 80, 'created': '2023-06-13T01:31:10+00:00'}, {'id': None, 'location_id': 126664, 'external_item_id': 'T4JQTYGLSHU7EJIJK5B5N6BP', 'external_category_ids': ['Sides'], 'quantity': 1, 'price': 759, 'gross_item_price': 896, 'net_item_price': 759, 'item_discount': 137, 'created': '2023-06-13T01:31:10+00:00'}]","[{'type': 'total', 'value': 0}, {'type': 'gratuity', 'value': 0}]",closed,2023-06-13T01:31:15+00:00,2023-06-13T01:31:15+00:00
4f698fae-f2e1-449b-b033-742c0461427e,163696,126664,9,H3il9ejXAbW68ReN28ESvtpeV,2023-06-13T01:45:00+00:00,4697,4697,0,0,0,TMULmkxeiKUITSrW,,"[{'id': None, 'location_id': 126664, 'external_item_id': 'P2BMYDVE2YW5XOQRO4PJCQHT', 'external_category_ids': ['Combos'], 'quantity': 1, 'price': 2299, 'gross_item_price': 2299, 'net_item_price': 2299, 'item_discount': 0, 'created': '2023-06-13T01:45:00+00:00'}, {'id': None, 'location_id': 126664, 'external_item_id': 'P2BMYDVE2YW5XOQRO4PJCQHT', 'external_category_ids': ['Combos'], 'quantity': 1, 'price': 2299, 'gross_item_price': 2299, 'net_item_price': 2299, 'item_discount': 0, 'created': '2023-06-13T01:45:00+00:00'}, {'id': None, 'location_id': 126664, 'external_item_id': 'XHHLP5BLKYYQ2QGY3JFN5USX', 'external_category_ids': ['Sauces'], 'quantity': 1, 'price': 99, 'gross_item_price': 99, 'net_item_price': 99, 'item_discount': 0, 'created': '2023-06-13T01:45:00+00:00'}]","[{'type': 'total', 'value': 0}, {'type': 'gratuity', 'value': 0}]",closed,2023-06-13T01:45:07+00:00,2023-06-13T01:45:27+00:00
f2e43923-df11-44e1-964b-84d9e31b42e5,163696,126664,9,viSLTqRvEd9GW6wN2sHGQJ6AKA7YY,2023-06-13T01:52:19+00:00,1597,1597,0,0,0,,,"[{'id': None, 'location_id': 126664, 'external_item_id': 'IAA3IJSCB5NWEM6WONLWSSYT', 'external_category_ids': ['Combos'], 'quantity': 1, 'price': 1597, 'gross_item_price': 1597, 'net_item_price': 1597, 'item_discount': 0, 'created': '2023-06-13T01:52:18+00:00'}]","[{'type': 'total', 'value': 0}, {'type': 'gratuity', 'value': 0}]",closed,2023-06-13T01:52:23+00:00,2023-06-13T01:52:23+00:00
becb2c37-bdab-4c68-a82d-d4c4bd383e3a,163696,126664,9,7UmIANBSjRHKRr9udId1DjE6njKZY,2023-06-13T02:01:52+00:00,4341,5141,0,800,800,,,"[{'id': None, 'location_id': 126664, 'external_item_id': 'P2BMYDVE2YW5XOQRO4PJCQHT', 'external_category_ids': ['Combos'], 'quantity': 1, 'price': 2107, 'gross_item_price': 2495, 'net_item_price': 2107, 'item_discount': 388, 'created': '2023-06-13T02:01:51+00:00'}, {'id': None, 'location_id': 126664, 'external_item_id': 'P2BMYDVE2YW5XOQRO4PJCQHT', 'external_category_ids': ['Combos'], 'quantity': 1, 'price': 2023, 'gross_item_price': 2396, 'net_item_price': 2023, 'item_discount': 373, 'created': '2023-06-13T02:01:51+00:00'}, {'id': None, 'location_id': 126664, 'external_item_id': 'HIGOY6ONFOISUNI5H3DD4FIU', 'external_category_ids': ['Sauces'], 'quantity': 2, 'price': 211, 'gross_item_price': 250, 'net_item_price': 211, 'item_discount': 39, 'created': '2023-06-13T02:01:51+00:00'}]","[{'type': 'total', 'value': 0}, {'type': 'gratuity', 'value': 0}]",closed,2023-06-13T02:01:56+00:00,2023-06-13T02:01:56+00:00
b6e72439-473c-4d72-87c6-cd52b3496bec,163696,126664,9,735nXHVIaYm392bM473LVHheV,2023-06-13T02:04:00+00:00,2948,2948,442,0,0,TMULmkxeiKUITSrW,,"[{'id': None, 'location_id': 126664, 'external_item_id': 'P2BMYDVE2YW5XOQRO4PJCQHT', 'external_category_ids': ['Combos'], 'quantity': 1, 'price': 2299, 'gross_item_price': 2299, 'net_item_price': 2299, 'item_discount': 0, 'created': '2023-06-13T02:04:00+00:00'}, {'id': None, 'location_id': 126664, 'external_item_id': 'L44BMPUIUSM7CWF2QMIOGGPL', 'external_category_ids': ['Sandwiches'], 'quantity': 1, 'price': 449, 'gross_item_price': 449, 'net_item_price': 449, 'item_discount': 0, 'created': '2023-06-13T02:04:00+00:00'}, {'id': None, 'location_id': 126664, 'external_item_id': 'AL6CCYLCTHPM6X4PIKCJNBVS', 'external_category_ids': ['Drinks'], 'quantity': 1, 'price': 200, 'gross_item_price': 200, 'net_item_price': 200, 'item_discount': 0, 'created': '2023-06-13T02:04:00+00:00'}]","[{'type': 'total', 'value': 442}, {'type': 'gratuity', 'value': 0}]",closed,2023-06-13T02:04:05+00:00,2023-06-13T02:04:28+00:00
0137b519-08b3-40f4-b794-6017129b74e0,163696,126664,9,9Km1BTHygk36HKTVaBXWAYAfV,2023-06-13T02:18:01+00:00,1595,1595,0,0,0,TMULmkxeiKUITSrW,,"[{'id': None, 'location_id': 126664, 'external_item_id': 'L44BMPUIUSM7CWF2QMIOGGPL', 'external_category_ids': ['Sandwiches'], 'quantity': 1, 'price': 449, 'gross_item_price': 449, 'net_item_price': 449, 'item_discount': 0, 'created': '2023-06-13T02:18:01+00:00'}, {'id': None, 'location_id': 126664, 'external_item_id': 'HI2I5IBVXCT6AD6TSAMF2XLP', 'external_category_ids': ['Sandwiches'], 'quantity': 1, 'price': 499, 'gross_item_price': 499, 'net_item_price': 499, 'item_discount': 0, 'created': '2023-06-13T02:18:01+00:00'}, {'id': None, 'location_id': 126664, 'external_item_id': 'EKCUTKWPRCXZ5ZBG4FX3XUFT', 'external_category_ids': ['Sandwiches'], 'quantity': 1, 'price': 449, 'gross_item_price': 449, 'net_item_price': 449, 'item_discount': 0, 'created': '2023-06-13T02:18:01+00:00'}, {'id': None, 'location_id': 126664, 'external_item_id': 'XHHLP5BLKYYQ2QGY3JFN5USX', 'external_category_ids': ['Sauces'], 'quantity': 1, 'price': 99, 'gross_item_price': 99, 'net_item_price': 99, 'item_discount': 0, 'created': '2023-06-13T02:18:01+00:00'}, {'id': None, 'location_id': 126664, 'external_item_id': 'HIGOY6ONFOISUNI5H3DD4FIU', 'external_category_ids': ['Sauces'], 'quantity': 1, 'price': 99, 'gross_item_price': 99, 'net_item_price': 99, 'item_discount': 0, 'created': '2023-06-13T02:18:01+00:00'}]","[{'type': 'total', 'value': 0}, {'type': 'gratuity', 'value': 0}]",closed,2023-06-13T02:18:08+00:00,2023-06-13T02:18:29+00:00
f17c6d28-1ac9-4a50-a3ec-e0d98ab61421,163696,126664,9,Rp1rJYOTRSzSvlhL1UuQTS5DHTDZY,2023-06-13T02:19:48+00:00,4091,4891,0,800,800,,,"[{'id': None, 'location_id': 126664, 'external_item_id': 'P2BMYDVE2YW5XOQRO4PJCQHT', 'external_category_ids': ['Combos'], 'quantity': 1, 'price': 2087, 'gross_item_price': 2495, 'net_item_price': 2087, 'item_discount': 408, 'created': '2023-06-13T02:19:48+00:00'}, {'id': None, 'location_id': 126664, 'external_item_id': 'P2BMYDVE2YW5XOQRO4PJCQHT', 'external_category_ids': ['Combos'], 'quantity': 1, 'price': 2004, 'gross_item_price': 2396, 'net_item_price': 2004, 'item_discount': 392, 'created': '2023-06-13T02:19:48+00:00'}]","[{'type': 'total', 'value': 0}, {'type': 'gratuity', 'value': 0}]",closed,2023-06-13T02:19:52+00:00,2023-06-13T02:19:52+00:00
279b4c18-4f4b-411c-9c44-cae1cf2f10a4,163696,126664,9,BNREICcHgAvVk2ePUQubVVaOaMUZY,2023-06-13T02:22:29+00:00,2396,2396,0,0,0,,,"[{'id': None, 'location_id': 126664, 'external_item_id': 'P2BMYDVE2YW5XOQRO4PJCQHT', 'external_category_ids': ['Combos'], 'quantity': 1, 'price': 2396, 'gross_item_price': 2396, 'net_item_price': 2396, 'item_discount': 0, 'created': '2023-06-13T02:22:28+00:00'}]","[{'type': 'total', 'value': 0}, {'type': 'gratuity', 'value': 0}]",closed,2023-06-13T02:22:33+00:00,2023-06-13T02:22:33+00:00
6adab400-2ed9-4312-b553-c3d52f03da04,163696,126664,9,Bg2GIDOQpaE5cTbZGl1vK09eV,2023-06-13T02:23:26+00:00,998,998,0,0,0,TMULmkxeiKUITSrW,,"[{'id': None, 'location_id': 126664, 'external_item_id': '2FTEGN36NN3OO7BUCM3BGYON', 'external_category_ids': ['Sandwiches'], 'quantity': 1, 'price': 499, 'gross_item_price': 499, 'net_item_price': 499, 'item_discount': 0, 'created': '2023-06-13T02:23:26+00:00'}, {'id': None, 'location_id': 126664, 'external_item_id': 'W7R2LJEQGCQDUBQWCDIINYPH', 'external_category_ids': ['Sandwiches'], 'quantity': 1, 'price': 499, 'gross_item_price': 499, 'net_item_price': 499, 'item_discount': 0, 'created': '2023-06-13T02:23:26+00:00'}]","[{'type': 'total', 'value': 0}, {'type': 'gratuity', 'value': 0}]",closed,2023-06-13T02:23:32+00:00,2023-06-13T02:23:56+00:00
bedde8fd-0129-46fd-8706-00ff10b71f53,163696,126664,9,XKmUf1dI1p0bJJhNXeKCSzVc7eKZY,2023-06-13T02:24:38+00:00,2795,3595,0,800,800,,,"[{'id': None, 'location_id': 126664, 'external_item_id': 'D47KNSPYE62NUTVLC4FLWTHU', 'external_category_ids': ['Sauces'], 'quantity': 1, 'price': 97, 'gross_item_price': 125, 'net_item_price': 97, 'item_discount': 28, 'created': '2023-06-13T02:24:37+00:00'}, {'id': None, 'location_id': 126664, 'external_item_id': 'AOQI5PFK5ECCFQLKBPVJE7TX', 'external_category_ids': ['Sauces'], 'quantity': 1, 'price': 97, 'gross_item_price': 125, 'net_item_price': 97, 'item_discount': 28, 'created': '2023-06-13T02:24:37+00:00'}, {'id': None, 'location_id': 126664, 'external_item_id': 'FFLBZHOYOGKTDBSVIVUGVFQK', 'external_category_ids': ['Sides'], 'quantity': 1, 'price': 777, 'gross_item_price': 999, 'net_item_price': 777, 'item_discount': 222, 'created': '2023-06-13T02:24:37+00:00'}, {'id': None, 'location_id': 126664, 'external_item_id': 'IAA3IJSCB5NWEM6WONLWSSYT', 'external_category_ids': ['Combos'], 'quantity': 1, 'price': 1436, 'gross_item_price': 1847, 'net_item_price': 1436, 'item_discount': 411, 'created': '2023-06-13T02:24:37+00:00'}, {'id': None, 'location_id': 126664, 'external_item_id': 'R23446GLVBNGZD43WFRVRJRP', 'external_category_ids': ['Sandwiches'], 'quantity': 1, 'price': 388, 'gross_item_price': 499, 'net_item_price': 388, 'item_discount': 111, 'created': '2023-06-13T02:24:37+00:00'}]","[{'type': 'total', 'value': 0}, {'type': 'gratuity', 'value': 0}]",closed,2023-06-13T02:24:40+00:00,2023-06-13T02:24:40+00:00
5c8a5088-bb4b-4fdb-8d00-8416ea7b0a09,163696,126664,9,frONRv2WWPFzgIPrWbSGD0qeV,2023-06-13T02:26:57+00:00,1399,1399,0,0,0,TMULmkxeiKUITSrW,,"[{'id': None, 'location_id': 126664, 'external_item_id': 'IAA3IJSCB5NWEM6WONLWSSYT', 'external_category_ids': ['Combos'], 'quantity': 1, 'price': 1399, 'gross_item_price': 1399, 'net_item_price': 1399, 'item_discount': 0, 'created': '2023-06-13T02:26:57+00:00'}]","[{'type': 'total', 'value': 0}, {'type': 'gratuity', 'value': 0}]",closed,2023-06-13T02:27:03+00:00,2023-06-13T02:27:24+00:00
880089f1-bc75-403f-bb77-5af50af53591,163696,126664,9,PGYx1jFjAq7JRH4vFjbyVvheQWBZY,2023-06-13T02:27:38+00:00,2319,3119,0,800,800,,,"[{'id': None, 'location_id': 126664, 'external_item_id': 'P2BMYDVE2YW5XOQRO4PJCQHT', 'external_category_ids': ['Combos'], 'quantity': 1, 'price': 1855, 'gross_item_price': 2495, 'net_item_price': 1855, 'item_discount': 640, 'created': '2023-06-13T02:27:37+00:00'}, {'id': None, 'location_id': 126664, 'external_item_id': 'AOQI5PFK5ECCFQLKBPVJE7TX', 'external_category_ids': ['Sauces'], 'quantity': 1, 'price': 93, 'gross_item_price': 125, 'net_item_price': 93, 'item_discount': 32, 'created': '2023-06-13T02:27:37+00:00'}, {'id': None, 'location_id': 126664, 'external_item_id': 'R23446GLVBNGZD43WFRVRJRP', 'external_category_ids': ['Sandwiches'], 'quantity': 1, 'price': 371, 'gross_item_price': 499, 'net_item_price': 371, 'item_discount': 128, 'created': '2023-06-13T02:27:37+00:00'}]","[{'type': 'total', 'value': 0}, {'type': 'gratuity', 'value': 0}]",closed,2023-06-13T02:27:41+00:00,2023-06-13T02:27:41+00:00
b4adbd0b-ddf6-4c77-97a3-3cf122cb5cdf,163696,126664,9,BKxdCFfznUKFcHPOQniIQK6eV,2023-06-13T02:27:51+00:00,1399,1399,0,0,0,TMULmkxeiKUITSrW,,"[{'id': None, 'location_id': 126664, 'external_item_id': 'IAA3IJSCB5NWEM6WONLWSSYT', 'external_category_ids': ['Combos'], 'quantity': 1, 'price': 1399, 'gross_item_price': 1399, 'net_item_price': 1399, 'item_discount': 0, 'created': '2023-06-13T02:27:51+00:00'}]","[{'type': 'total', 'value': 0}, {'type': 'gratuity', 'value': 0}]",closed,2023-06-13T02:27:56+00:00,2023-06-13T02:28:18+00:00
1dca8dd7-c963-4ad5-b3bd-4e01666fa609,163696,126664,9,9eKwwxS1q8U0uuksDlQ4imteV,2023-06-13T02:37:27+00:00,2895,2895,579,0,0,TMULmkxeiKUITSrW,,"[{'id': None, 'location_id': 126664, 'external_item_id': 'IAA3IJSCB5NWEM6WONLWSSYT', 'external_category_ids': ['Combos'], 'quantity': 1, 'price': 1498, 'gross_item_price': 1498, 'net_item_price': 1498, 'item_discount': 0, 'created': '2023-06-13T02:37:27+00:00'}, {'id': None, 'location_id': 126664, 'external_item_id': 'XHHLP5BLKYYQ2QGY3JFN5USX', 'external_category_ids': ['Sauces'], 'quantity': 1, 'price': 99, 'gross_item_price': 99, 'net_item_price': 99, 'item_discount': 0, 'created': '2023-06-13T02:37:27+00:00'}, {'id': None, 'location_id': 126664, 'external_item_id': 'K7KBGLCQUUXKQOV5KU6STYHV', 'external_category_ids': ['Combos'], 'quantity': 1, 'price': 1298, 'gross_item_price': 1298, 'net_item_price': 1298, 'item_discount': 0, 'created': '2023-06-13T02:37:27+00:00'}]","[{'type': 'total', 'value': 579}, {'type': 'gratuity', 'value': 0}]",closed,2023-06-13T02:37:33+00:00,2023-06-13T02:37:55+00:00
11ec4a2c-19b8-4ae8-91c1-bbd0df617804,163696,126664,9,PKOJK2NxUL1qu8omnsXfdpxoxIMZY,2023-06-13T02:39:22+00:00,2349,2349,0,0,0,,,"[{'id': None, 'location_id': 126664, 'external_item_id': 'C4KMMDJWOBZIU23SNVVN5XG6', 'external_category_ids': ['Drinks'], 'quantity': 1, 'price': 250, 'gross_item_price': 250, 'net_item_price': 250, 'item_discount': 0, 'created': '2023-06-13T02:39:21+00:00'}, {'id': None, 'location_id': 126664, 'external_item_id': 'P2BMYDVE2YW5XOQRO4PJCQHT', 'external_category_ids': ['Combos'], 'quantity': 1, 'price': 2099, 'gross_item_price': 2099, 'net_item_price': 2099, 'item_discount': 0, 'created': '2023-06-13T02:39:21+00:00'}]","[{'type': 'total', 'value': 0}, {'type': 'gratuity', 'value': 0}]",closed,2023-06-13T02:39:26+00:00,2023-06-13T02:39:26+00:00
a98255da-c36f-44bc-97cb-6b08d8774e83,163696,126664,9,h7aTf3lTAbQ7nMnbCfMMeFqxs7aZY,2023-06-13T02:42:04+00:00,2495,2495,0,0,0,,,"[{'id': None, 'location_id': 126664, 'external_item_id': 'P2BMYDVE2YW5XOQRO4PJCQHT', 'external_category_ids': ['Combos'], 'quantity': 1, 'price': 2495, 'gross_item_price': 2495, 'net_item_price': 2495, 'item_discount': 0, 'created': '2023-06-13T02:42:03+00:00'}]","[{'type': 'total', 'value': 0}, {'type': 'gratuity', 'value': 0}]",closed,2023-06-13T02:42:08+00:00,2023-06-13T02:42:08+00:00
f7222139-d3d8-4a5f-afce-20c30fb776fa,163696,126664,9,5NXAHdKeHHhbg4KI1O0yPHs0c1fZY,2023-06-13T02:44:29+00:00,2148,2148,0,0,0,,,"[{'id': None, 'location_id': 126664, 'external_item_id': 'R23446GLVBNGZD43WFRVRJRP', 'external_category_ids': ['Sandwiches'], 'quantity': 2, 'price': 998, 'gross_item_price': 998, 'net_item_price': 998, 'item_discount': 0, 'created': '2023-06-13T02:44:29+00:00'}, {'id': None, 'location_id': 126664, 'external_item_id': '2LGRXFTJXJZVU6I2AHHE7D2M', 'external_category_ids': ['Sandwiches'], 'quantity': 2, 'price': 1150, 'gross_item_price': 1150, 'net_item_price': 1150, 'item_discount': 0, 'created': '2023-06-13T02:44:29+00:00'}]","[{'type': 'total', 'value': 0}, {'type': 'gratuity', 'value': 0}]",closed,2023-06-13T02:44:33+00:00,2023-06-13T02:44:33+00:00
9c1a8c91-0525-4d5f-b64b-99fd1781ac22,163696,126664,9,JaN6d4Eh2Tkm6jyLQVPNtG0eV,2023-06-13T02:54:31+00:00,125,250,0,125,125,TMULmkxeiKUITSrW,,"[{'id': None, 'location_id': 126664, 'external_item_id': 'CYQT2JXDUXNZMJRZFQJDPB2V', 'external_category_ids': ['Drinks'], 'quantity': 1, 'price': 125, 'gross_item_price': 250, 'net_item_price': 125, 'item_discount': 125, 'created': '2023-06-13T02:54:31+00:00'}]","[{'type': 'total', 'value': 0}, {'type': 'gratuity', 'value': 0}]",closed,2023-06-13T02:54:36+00:00,2023-06-13T02:54:58+00:00
baba40bb-c843-4cb5-816d-8cef61f09f82,163696,126664,9,9rrN8pktOkRJP2ajsDZCD5Th3SdZY,2023-06-13T02:55:02+00:00,2421,3221,0,800,800,,,"[{'id': None, 'location_id': 126664, 'external_item_id': 'P2BMYDVE2YW5XOQRO4PJCQHT', 'external_category_ids': ['Combos'], 'quantity': 1, 'price': 1989, 'gross_item_price': 2646, 'net_item_price': 1989, 'item_discount': 657, 'created': '2023-06-13T02:55:01+00:00'}, {'id': None, 'location_id': 126664, 'external_item_id': 'W7R2LJEQGCQDUBQWCDIINYPH', 'external_category_ids': ['Sandwiches'], 'quantity': 1, 'price': 432, 'gross_item_price': 575, 'net_item_price': 432, 'item_discount': 143, 'created': '2023-06-13T02:55:01+00:00'}]","[{'type': 'total', 'value': 0}, {'type': 'gratuity', 'value': 0}]",closed,2023-06-13T02:55:06+00:00,2023-06-13T02:55:06+00:00
7cc7d295-c9f7-4677-aee0-c509059261ba,163696,126664,9,RaT6FN45JgJ0KCpCBbstzjpeV,2023-06-13T03:00:33+00:00,2299,2299,345,0,0,TMULmkxeiKUITSrW,,"[{'id': None, 'location_id': 126664, 'external_item_id': 'P2BMYDVE2YW5XOQRO4PJCQHT', 'external_category_ids': ['Combos'], 'quantity': 1, 'price': 2299, 'gross_item_price': 2299, 'net_item_price': 2299, 'item_discount': 0, 'created': '2023-06-13T03:00:33+00:00'}]","[{'type': 'total', 'value': 345}, {'type': 'gratuity', 'value': 0}]",closed,2023-06-13T03:00:40+00:00,2023-06-13T03:01:00+00:00
19ba633a-8cf9-4af5-86bd-42130d976250,163696,126664,9,zvDvg10tdziegepuZep0VwteV,2023-06-13T03:02:12+00:00,599,599,0,0,0,TMULmkxeiKUITSrW,,"[{'id': None, 'location_id': 126664, 'external_item_id': 'YQVNPPVHN43K2EMGWZ54IBH2', 'external_category_ids': ['Sides'], 'quantity': 1, 'price': 599, 'gross_item_price': 599, 'net_item_price': 599, 'item_discount': 0, 'created': '2023-06-13T03:02:12+00:00'}]","[{'type': 'total', 'value': 0}, {'type': 'gratuity', 'value': 0}]",closed,2023-06-13T03:02:19+00:00,2023-06-13T03:02:39+00:00
f8995ae1-9226-41b5-9b84-e58233323e4d,163696,126664,9,fakGoMlGyoaDnWhF20jRbgxY4WfZY,2023-06-13T03:09:20+00:00,2719,2719,0,0,0,,,"[{'id': None, 'location_id': 126664, 'external_item_id': 'C3JZTQEBUB4WNML6QORJOVKU', 'external_category_ids': ['Sauces'], 'quantity': 1, 'price': 99, 'gross_item_price': 99, 'net_item_price': 99, 'item_discount': 0, 'created': '2023-06-13T03:09:19+00:00'}, {'id': None, 'location_id': 126664, 'external_item_id': 'HIGOY6ONFOISUNI5H3DD4FIU', 'external_category_ids': ['Sauces'], 'quantity': 1, 'price': 125, 'gross_item_price': 125, 'net_item_price': 125, 'item_discount': 0, 'created': '2023-06-13T03:09:19+00:00'}, {'id': None, 'location_id': 126664, 'external_item_id': 'P2BMYDVE2YW5XOQRO4PJCQHT', 'external_category_ids': ['Combos'], 'quantity': 1, 'price': 2495, 'gross_item_price': 2495, 'net_item_price': 2495, 'item_discount': 0, 'created': '2023-06-13T03:09:19+00:00'}]","[{'type': 'total', 'value': 0}, {'type': 'gratuity', 'value': 0}]",closed,2023-06-13T03:09:24+00:00,2023-06-13T03:09:24+00:00
aac6e810-fc3d-4a3d-89d1-4b49398c1144,163696,126664,9,pHald5dwigEwhh0AfFqU2DVQfmbZY,2023-06-13T03:21:32+00:00,3294,3294,0,0,0,,,"[{'id': None, 'location_id': 126664, 'external_item_id': 'YQVNPPVHN43K2EMGWZ54IBH2', 'external_category_ids': ['Sides'], 'quantity': 1, 'price': 799, 'gross_item_price': 799, 'net_item_price': 799, 'item_discount': 0, 'created': '2023-06-13T03:21:31+00:00'}, {'id': None, 'location_id': 126664, 'external_item_id': 'P2BMYDVE2YW5XOQRO4PJCQHT', 'external_category_ids': ['Combos'], 'quantity': 1, 'price': 2495, 'gross_item_price': 2495, 'net_item_price': 2495, 'item_discount': 0, 'created': '2023-06-13T03:21:31+00:00'}]","[{'type': 'total', 'value': 0}, {'type': 'gratuity', 'value': 0}]",closed,2023-06-13T03:21:35+00:00,2023-06-13T03:21:35+00:00
877aa30a-f9ec-4834-868e-74ec4af0f395,163696,126664,9,hqPUUrxw0zOSGI2L7TwSZtteV,2023-06-13T03:24:50+00:00,1849,1849,277,0,0,TMs813hcO-RqldMV,,"[{'id': None, 'location_id': 126664, 'external_item_id': 'DA6LYEC57GG24LLNVG6H5EYA', 'external_category_ids': ['Combos'], 'quantity': 1, 'price': 1849, 'gross_item_price': 1849, 'net_item_price': 1849, 'item_discount': 0, 'created': '2023-06-13T03:24:49+00:00'}]","[{'type': 'total', 'value': 277}, {'type': 'gratuity', 'value': 0}]",closed,2023-06-13T03:24:55+00:00,2023-06-13T03:25:17+00:00
54db1171-46ed-478d-8798-43cc3b99355e,163696,126664,9,TIqaXuo3yC04o50K7rzOzF6b9U9YY,2023-06-13T03:30:38+00:00,4269,4269,0,0,0,,,"[{'id': None, 'location_id': 126664, 'external_item_id': 'YQVNPPVHN43K2EMGWZ54IBH2', 'external_category_ids': ['Sides'], 'quantity': 1, 'price': 799, 'gross_item_price': 799, 'net_item_price': 799, 'item_discount': 0, 'created': '2023-06-13T03:30:37+00:00'}, {'id': None, 'location_id': 126664, 'external_item_id': 'P2BMYDVE2YW5XOQRO4PJCQHT', 'external_category_ids': ['Combos'], 'quantity': 1, 'price': 2396, 'gross_item_price': 2396, 'net_item_price': 2396, 'item_discount': 0, 'created': '2023-06-13T03:30:37+00:00'}, {'id': None, 'location_id': 126664, 'external_item_id': '2LGRXFTJXJZVU6I2AHHE7D2M', 'external_category_ids': ['Sandwiches'], 'quantity': 1, 'price': 575, 'gross_item_price': 575, 'net_item_price': 575, 'item_discount': 0, 'created': '2023-06-13T03:30:37+00:00'}, {'id': None, 'location_id': 126664, 'external_item_id': 'R23446GLVBNGZD43WFRVRJRP', 'external_category_ids': ['Sandwiches'], 'quantity': 1, 'price': 499, 'gross_item_price': 499, 'net_item_price': 499, 'item_discount': 0, 'created': '2023-06-13T03:30:37+00:00'}]","[{'type': 'total', 'value': 0}, {'type': 'gratuity', 'value': 0}]",closed,2023-06-13T03:30:43+00:00,2023-06-13T03:30:43+00:00
2f8156be-70e5-4491-bb0d-0c3c1106ccb3,163696,126664,9,vpVbFxL95M6cJfhNhy0sOi3eV,2023-06-13T03:35:48+00:00,1399,1399,0,0,0,TMkIwDJHR0z-mQyN,,"[{'id': None, 'location_id': 126664, 'external_item_id': 'IAA3IJSCB5NWEM6WONLWSSYT', 'external_category_ids': ['Combos'], 'quantity': 1, 'price': 1399, 'gross_item_price': 1399, 'net_item_price': 1399, 'item_discount': 0, 'created': '2023-06-13T03:35:48+00:00'}]","[{'type': 'total', 'value': 0}, {'type': 'gratuity', 'value': 0}]",closed,2023-06-13T03:35:52+00:00,2023-06-13T03:36:15+00:00
f21823eb-61b6-40bd-bebe-239859f26ee8,163696,126664,9,JqpsxSJzvyiXIiYYzCKAXO2eV,2023-06-13T03:36:54+00:00,1498,1498,0,0,0,TMkIwDJHR0z-mQyN,,"[{'id': None, 'location_id': 126664, 'external_item_id': 'IAA3IJSCB5NWEM6WONLWSSYT', 'external_category_ids': ['Combos'], 'quantity': 1, 'price': 1399, 'gross_item_price': 1399, 'net_item_price': 1399, 'item_discount': 0, 'created': '2023-06-13T03:36:54+00:00'}, {'id': None, 'location_id': 126664, 'external_item_id': 'HIGOY6ONFOISUNI5H3DD4FIU', 'external_category_ids': ['Sauces'], 'quantity': 1, 'price': 99, 'gross_item_price': 99, 'net_item_price': 99, 'item_discount': 0, 'created': '2023-06-13T03:36:54+00:00'}]","[{'type': 'total', 'value': 0}, {'type': 'gratuity', 'value': 0}]",closed,2023-06-13T03:37:00+00:00,2023-06-13T03:37:21+00:00
40546877-022d-41db-9829-2f147eb6b0e1,163696,126664,9,LBmNZYIw5tW0y4d6IZ4vIlqeV,2023-06-13T03:37:32+00:00,1399,1399,0,0,0,TMkIwDJHR0z-mQyN,,"[{'id': None, 'location_id': 126664, 'external_item_id': 'IAA3IJSCB5NWEM6WONLWSSYT', 'external_category_ids': ['Combos'], 'quantity': 1, 'price': 1399, 'gross_item_price': 1399, 'net_item_price': 1399, 'item_discount': 0, 'created': '2023-06-13T03:37:32+00:00'}]","[{'type': 'total', 'value': 0}, {'type': 'gratuity', 'value': 0}]",closed,2023-06-13T03:37:41+00:00,2023-06-13T03:38:00+00:00
8d69a87c-db7b-4be7-8bed-fd36d6f12c21,163696,126664,9,xMwM7dMn2AOLIKfNa129cereV,2023-06-13T03:38:43+00:00,1498,1498,0,0,0,TMkIwDJHR0z-mQyN,,"[{'id': None, 'location_id': 126664, 'external_item_id': 'IAA3IJSCB5NWEM6WONLWSSYT', 'external_category_ids': ['Combos'], 'quantity': 1, 'price': 1399, 'gross_item_price': 1399, 'net_item_price': 1399, 'item_discount': 0, 'created': '2023-06-13T03:38:43+00:00'}, {'id': None, 'location_id': 126664, 'external_item_id': 'AOQI5PFK5ECCFQLKBPVJE7TX', 'external_category_ids': ['Sauces'], 'quantity': 1, 'price': 99, 'gross_item_price': 99, 'net_item_price': 99, 'item_discount': 0, 'created': '2023-06-13T03:38:43+00:00'}]","[{'type': 'total', 'value': 0}, {'type': 'gratuity', 'value': 0}]",closed,2023-06-13T03:38:49+00:00,2023-06-13T03:39:11+00:00
8d23c8a2-0eea-4e6b-9945-077dd14372cf,163696,126664,9,hxZNVqmpHOmY1IFX769jG4vROjZZY,2023-06-13T03:56:27+00:00,3094,3094,0,0,0,,,"[{'id': None, 'location_id': 126664, 'external_item_id': 'HIGOY6ONFOISUNI5H3DD4FIU', 'external_category_ids': ['Sauces'], 'quantity': 1, 'price': 125, 'gross_item_price': 125, 'net_item_price': 125, 'item_discount': 0, 'created': '2023-06-13T03:56:26+00:00'}, {'id': None, 'location_id': 126664, 'external_item_id': 'D47KNSPYE62NUTVLC4FLWTHU', 'external_category_ids': ['Sauces'], 'quantity': 1, 'price': 125, 'gross_item_price': 125, 'net_item_price': 125, 'item_discount': 0, 'created': '2023-06-13T03:56:26+00:00'}, {'id': None, 'location_id': 126664, 'external_item_id': 'P2BMYDVE2YW5XOQRO4PJCQHT', 'external_category_ids': ['Combos'], 'quantity': 1, 'price': 2844, 'gross_item_price': 2844, 'net_item_price': 2844, 'item_discount': 0, 'created': '2023-06-13T03:56:26+00:00'}]","[{'type': 'total', 'value': 0}, {'type': 'gratuity', 'value': 0}]",closed,2023-06-13T03:56:32+00:00,2023-06-13T03:56:32+00:00
57b4b7fb-ada0-4b18-8c64-741831b56650,163696,126664,9,fi4wDxJYGa4e2qTMjn3c2IRH1uVZY,2023-06-13T03:59:36+00:00,2495,2495,0,0,0,,,"[{'id': None, 'location_id': 126664, 'external_item_id': 'P2BMYDVE2YW5XOQRO4PJCQHT', 'external_category_ids': ['Combos'], 'quantity': 1, 'price': 2495, 'gross_item_price': 2495, 'net_item_price': 2495, 'item_discount': 0, 'created': '2023-06-13T03:59:35+00:00'}]","[{'type': 'total', 'value': 0}, {'type': 'gratuity', 'value': 0}]",closed,2023-06-13T03:59:40+00:00,2023-06-13T03:59:40+00:00
951ae79a-eb31-45ec-8fc8-fab38a1ef3f4,163696,126664,9,BncPu85OlOAbgR4PdE9WPJanthPZY,2023-06-13T04:04:45+00:00,1498,1498,0,0,0,,,"[{'id': None, 'location_id': 126664, 'external_item_id': 'IAA3IJSCB5NWEM6WONLWSSYT', 'external_category_ids': ['Combos'], 'quantity': 1, 'price': 1498, 'gross_item_price': 1498, 'net_item_price': 1498, 'item_discount': 0, 'created': '2023-06-13T04:04:44+00:00'}]","[{'type': 'total', 'value': 0}, {'type': 'gratuity', 'value': 0}]",closed,2023-06-13T04:04:48+00:00,2023-06-13T04:04:48+00:00
e5951314-40b6-45e4-9da9-04039eef5aef,163696,126664,9,3WEKoULKhClsP6XfzYKfVPkLz9eZY,2023-06-13T04:16:49+00:00,2297,2297,0,0,0,,,"[{'id': None, 'location_id': 126664, 'external_item_id': 'HIGOY6ONFOISUNI5H3DD4FIU', 'external_category_ids': ['Sauces'], 'quantity': 1, 'price': 125, 'gross_item_price': 125, 'net_item_price': 125, 'item_discount': 0, 'created': '2023-06-13T04:16:48+00:00'}, {'id': None, 'location_id': 126664, 'external_item_id': '3YS6DKZVVMJMO62G3MG7MRBD', 'external_category_ids': ['Sandwiches'], 'quantity': 1, 'price': 575, 'gross_item_price': 575, 'net_item_price': 575, 'item_discount': 0, 'created': '2023-06-13T04:16:48+00:00'}, {'id': None, 'location_id': 126664, 'external_item_id': 'IAA3IJSCB5NWEM6WONLWSSYT', 'external_category_ids': ['Combos'], 'quantity': 1, 'price': 1597, 'gross_item_price': 1597, 'net_item_price': 1597, 'item_discount': 0, 'created': '2023-06-13T04:16:48+00:00'}]","[{'type': 'total', 'value': 0}, {'type': 'gratuity', 'value': 0}]",closed,2023-06-13T04:16:53+00:00,2023-06-13T04:16:53+00:00
dbc1e950-8feb-4e62-8058-19a8880569d7,163696,126664,9,nEvG0XIwfuQUhbZ2kMdq1r0mnb9YY,2023-06-13T04:19:27+00:00,4891,4891,0,0,0,,,"[{'id': None, 'location_id': 126664, 'external_item_id': 'P2BMYDVE2YW5XOQRO4PJCQHT', 'external_category_ids': ['Combos'], 'quantity': 1, 'price': 2495, 'gross_item_price': 2495, 'net_item_price': 2495, 'item_discount': 0, 'created': '2023-06-13T04:19:26+00:00'}, {'id': None, 'location_id': 126664, 'external_item_id': 'P2BMYDVE2YW5XOQRO4PJCQHT', 'external_category_ids': ['Combos'], 'quantity': 1, 'price': 2396, 'gross_item_price': 2396, 'net_item_price': 2396, 'item_discount': 0, 'created': '2023-06-13T04:19:26+00:00'}]","[{'type': 'total', 'value': 0}, {'type': 'gratuity', 'value': 0}]",closed,2023-06-13T04:19:29+00:00,2023-06-13T04:19:29+00:00
06146ca6-04b4-4a7a-85a9-4ef2d30adbab,163696,126664,9,R67UWa2Y831Qgl4XVfyjkBteV,2023-06-13T04:19:47+00:00,2196,2196,439,0,0,TMkIwDJHR0z-mQyN,,"[{'id': None, 'location_id': 126664, 'external_item_id': 'W7R2LJEQGCQDUBQWCDIINYPH', 'external_category_ids': ['Sandwiches'], 'quantity': 1, 'price': 499, 'gross_item_price': 499, 'net_item_price': 499, 'item_discount': 0, 'created': '2023-06-13T04:19:47+00:00'}, {'id': None, 'location_id': 126664, 'external_item_id': 'HI2I5IBVXCT6AD6TSAMF2XLP', 'external_category_ids': ['Sandwiches'], 'quantity': 1, 'price': 499, 'gross_item_price': 499, 'net_item_price': 499, 'item_discount': 0, 'created': '2023-06-13T04:19:47+00:00'}, {'id': None, 'location_id': 126664, 'external_item_id': '2LGRXFTJXJZVU6I2AHHE7D2M', 'external_category_ids': ['Sandwiches'], 'quantity': 1, 'price': 499, 'gross_item_price': 499, 'net_item_price': 499, 'item_discount': 0, 'created': '2023-06-13T04:19:47+00:00'}, {'id': None, 'location_id': 126664, 'external_item_id': '2FTEGN36NN3OO7BUCM3BGYON', 'external_category_ids': ['Sandwiches'], 'quantity': 1, 'price': 499, 'gross_item_price': 499, 'net_item_price': 499, 'item_discount': 0, 'created': '2023-06-13T04:19:47+00:00'}, {'id': None, 'location_id': 126664, 'external_item_id': 'AL6CCYLCTHPM6X4PIKCJNBVS', 'external_category_ids': ['Drinks'], 'quantity': 1, 'price': 200, 'gross_item_price': 200, 'net_item_price': 200, 'item_discount': 0, 'created': '2023-06-13T04:19:47+00:00'}]","[{'type': 'total', 'value': 438}, {'type': 'gratuity', 'value': 0}]",closed,2023-06-13T04:19:52+00:00,2023-06-13T04:20:13+00:00
4b612f3b-4c78-441a-9059-47e40ac24d6b,163696,126664,9,lEvoD6yyV3ZTjGuIIEnzMK2eV,2023-06-13T04:20:33+00:00,898,898,200,0,0,TMkIwDJHR0z-mQyN,,"[{'id': None, 'location_id': 126664, 'external_item_id': 'L44BMPUIUSM7CWF2QMIOGGPL', 'external_category_ids': ['Sandwiches'], 'quantity': 2, 'price': 898, 'gross_item_price': 898, 'net_item_price': 898, 'item_discount': 0, 'created': '2023-06-13T04:20:33+00:00'}]","[{'type': 'total', 'value': 200}, {'type': 'gratuity', 'value': 0}]",closed,2023-06-13T04:20:42+00:00,2023-06-13T04:21:04+00:00
7327af7f-c338-4d0e-852c-4b800786c294,163696,126664,9,zbvieoFJQtDeHddYKTuMWqleV,2023-06-13T04:20:55+00:00,499,499,100,0,0,TMkIwDJHR0z-mQyN,,"[{'id': None, 'location_id': 126664, 'external_item_id': '2FTEGN36NN3OO7BUCM3BGYON', 'external_category_ids': ['Sandwiches'], 'quantity': 1, 'price': 499, 'gross_item_price': 499, 'net_item_price': 499, 'item_discount': 0, 'created': '2023-06-13T04:20:55+00:00'}]","[{'type': 'total', 'value': 100}, {'type': 'gratuity', 'value': 0}]",closed,2023-06-13T04:21:01+00:00,2023-06-13T04:21:25+00:00
f53bc4d7-dbf3-4230-8d8e-ab0481615421,163696,126664,9,74AQmpC2wt3nIZy49b4tKBozyk8YY,2023-06-13T04:21:41+00:00,2672,2672,0,0,0,,,"[{'id': None, 'location_id': 126664, 'external_item_id': 'P2BMYDVE2YW5XOQRO4PJCQHT', 'external_category_ids': ['Combos'], 'quantity': 1, 'price': 2547, 'gross_item_price': 2547, 'net_item_price': 2547, 'item_discount': 0, 'created': '2023-06-13T04:21:41+00:00'}, {'id': None, 'location_id': 126664, 'external_item_id': 'HIGOY6ONFOISUNI5H3DD4FIU', 'external_category_ids': ['Sauces'], 'quantity': 1, 'price': 125, 'gross_item_price': 125, 'net_item_price': 125, 'item_discount': 0, 'created': '2023-06-13T04:21:41+00:00'}]","[{'type': 'total', 'value': 0}, {'type': 'gratuity', 'value': 0}]",closed,2023-06-13T04:21:44+00:00,2023-06-13T04:21:44+00:00
cbc702c8-30e6-455c-8cd3-edebe9bba4de,163696,126664,9,xJ3OIO0Fd3oJChRrJm5JOnKhsxYZY,2023-06-13T04:35:14+00:00,2521,2521,0,0,0,,,"[{'id': None, 'location_id': 126664, 'external_item_id': 'P2BMYDVE2YW5XOQRO4PJCQHT', 'external_category_ids': ['Combos'], 'quantity': 1, 'price': 2396, 'gross_item_price': 2396, 'net_item_price': 2396, 'item_discount': 0, 'created': '2023-06-13T04:35:13+00:00'}, {'id': None, 'location_id': 126664, 'external_item_id': 'HIGOY6ONFOISUNI5H3DD4FIU', 'external_category_ids': ['Sauces'], 'quantity': 1, 'price': 125, 'gross_item_price': 125, 'net_item_price': 125, 'item_discount': 0, 'created': '2023-06-13T04:35:13+00:00'}]","[{'type': 'total', 'value': 0}, {'type': 'gratuity', 'value': 0}]",closed,2023-06-13T04:35:18+00:00,2023-06-13T04:35:18+00:00
93619c3c-2204-4e60-87f0-647838dca4c8,163696,126664,9,hZj4tU5TXKZoBy8LcOOvwibaPz9YY,2023-06-13T04:36:37+00:00,1597,1597,0,0,0,,,"[{'id': None, 'location_id': 126664, 'external_item_id': 'IAA3IJSCB5NWEM6WONLWSSYT', 'external_category_ids': ['Combos'], 'quantity': 1, 'price': 1597, 'gross_item_price': 1597, 'net_item_price': 1597, 'item_discount': 0, 'created': '2023-06-13T04:36:35+00:00'}]","[{'type': 'total', 'value': 0}, {'type': 'gratuity', 'value': 0}]",closed,2023-06-13T04:36:40+00:00,2023-06-13T04:36:40+00:00
f177db25-50f6-4abf-9c9c-0e3cc38881e4,163696,126664,9,BdP30Qnnf0BEuCuY9DCzPDWxJFDZY,2023-06-13T04:47:09+00:00,1597,1597,0,0,0,,,"[{'id': None, 'location_id': 126664, 'external_item_id': 'IAA3IJSCB5NWEM6WONLWSSYT', 'external_category_ids': ['Combos'], 'quantity': 1, 'price': 1597, 'gross_item_price': 1597, 'net_item_price': 1597, 'item_discount': 0, 'created': '2023-06-13T04:47:09+00:00'}]","[{'type': 'total', 'value': 0}, {'type': 'gratuity', 'value': 0}]",closed,2023-06-13T04:47:12+00:00,2023-06-13T04:47:12+00:00
8764602e-8ce7-4697-bbf2-8922a2264576,163696,126664,9,pZrRt5AeLkVQDWUUVEF27GRk0A9YY,2023-06-13T05:02:44+00:00,1597,1597,0,0,0,,,"[{'id': None, 'location_id': 126664, 'external_item_id': 'IAA3IJSCB5NWEM6WONLWSSYT', 'external_category_ids': ['Combos'], 'quantity': 1, 'price': 1597, 'gross_item_price': 1597, 'net_item_price': 1597, 'item_discount': 0, 'created': '2023-06-13T05:02:43+00:00'}]","[{'type': 'total', 'value': 0}, {'type': 'gratuity', 'value': 0}]",closed,2023-06-13T05:02:47+00:00,2023-06-13T05:02:47+00:00
3872908e-f18e-470d-b3b1-2f3dd42cd621,163696,126664,9,TKN3JyjC5ZdxNYrS8h7nmY2ZarVZY,2023-06-13T05:11:37+00:00,2745,2745,0,0,0,,,"[{'id': None, 'location_id': 126664, 'external_item_id': 'P2BMYDVE2YW5XOQRO4PJCQHT', 'external_category_ids': ['Combos'], 'quantity': 1, 'price': 2745, 'gross_item_price': 2745, 'net_item_price': 2745, 'item_discount': 0, 'created': '2023-06-13T05:11:36+00:00'}]","[{'type': 'total', 'value': 0}, {'type': 'gratuity', 'value': 0}]",closed,2023-06-13T05:11:41+00:00,2023-06-13T05:11:41+00:00
5d9b8023-1196-49f4-89e3-7b70b4d01567,163696,126664,9,NOEr0ZLEhExl0n4CLPEcDsleV,2023-06-13T05:23:40+00:00,11495,11495,0,0,0,TMULmkxeiKUITSrW,,"[{'id': None, 'location_id': 126664, 'external_item_id': 'P2BMYDVE2YW5XOQRO4PJCQHT', 'external_category_ids': ['Combos'], 'quantity': 1, 'price': 2299, 'gross_item_price': 2299, 'net_item_price': 2299, 'item_discount': 0, 'created': '2023-06-13T05:23:40+00:00'}, {'id': None, 'location_id': 126664, 'external_item_id': 'P2BMYDVE2YW5XOQRO4PJCQHT', 'external_category_ids': ['Combos'], 'quantity': 1, 'price': 2299, 'gross_item_price': 2299, 'net_item_price': 2299, 'item_discount': 0, 'created': '2023-06-13T05:23:40+00:00'}, {'id': None, 'location_id': 126664, 'external_item_id': 'P2BMYDVE2YW5XOQRO4PJCQHT', 'external_category_ids': ['Combos'], 'quantity': 3, 'price': 6897, 'gross_item_price': 6897, 'net_item_price': 6897, 'item_discount': 0, 'created': '2023-06-13T05:23:40+00:00'}]","[{'type': 'total', 'value': 0}, {'type': 'gratuity', 'value': 0}]",closed,2023-06-13T05:23:45+00:00,2023-06-13T05:24:08+00:00
214ea44e-0a84-4e75-829f-f76388f53bc6,163696,126664,9,D5Y1O7yZg4aVc5h1ajVHQo6eV,2023-06-13T05:38:58+00:00,499,499,0,0,0,TMULmkxeiKUITSrW,,"[{'id': None, 'location_id': 126664, 'external_item_id': '2FTEGN36NN3OO7BUCM3BGYON', 'external_category_ids': ['Sandwiches'], 'quantity': 1, 'price': 499, 'gross_item_price': 499, 'net_item_price': 499, 'item_discount': 0, 'created': '2023-06-13T05:38:58+00:00'}]","[{'type': 'total', 'value': 0}, {'type': 'gratuity', 'value': 0}]",closed,2023-06-13T05:39:05+00:00,2023-06-13T05:39:27+00:00
117b4ff4-25f8-4a94-a9ac-4a7ee3ae8f4f,163696,126664,9,la0FhL5OrS9uKObiKJ0riGveV,2023-06-13T05:43:10+00:00,499,499,0,0,0,TMULmkxeiKUITSrW,,"[{'id': None, 'location_id': 126664, 'external_item_id': 'HI2I5IBVXCT6AD6TSAMF2XLP', 'external_category_ids': ['Sandwiches'], 'quantity': 1, 'price': 499, 'gross_item_price': 499, 'net_item_price': 499, 'item_discount': 0, 'created': '2023-06-13T05:43:09+00:00'}]","[{'type': 'total', 'value': 0}, {'type': 'gratuity', 'value': 0}]",closed,2023-06-13T05:43:15+00:00,2023-06-13T05:43:39+00:00
d70ed22c-4fe6-414f-b44d-b596fff52eae,163696,126664,9,9756naFaepPykOpNKricWaJfeP9YY,2023-06-13T15:03:31+00:00,1524,1524,0,0,0,,,"[{'id': None, 'location_id': 126664, 'external_item_id': 'HIGOY6ONFOISUNI5H3DD4FIU', 'external_category_ids': ['Sauces'], 'quantity': 1, 'price': 125, 'gross_item_price': 125, 'net_item_price': 125, 'item_discount': 0, 'created': '2023-06-13T15:03:30+00:00'}, {'id': None, 'location_id': 126664, 'external_item_id': 'IAA3IJSCB5NWEM6WONLWSSYT', 'external_category_ids': ['Combos'], 'quantity': 1, 'price': 1399, 'gross_item_price': 1399, 'net_item_price': 1399, 'item_discount': 0, 'created': '2023-06-13T15:03:30+00:00'}]","[{'type': 'total', 'value': 0}, {'type': 'gratuity', 'value': 0}]",closed,2023-06-13T15:04:04+00:00,2023-06-13T15:04:04+00:00
c14b7273-dcfd-472d-9f31-6bda332c1dab,163696,126664,9,95089eggLRqx6LTlon26SJJvEfZZY,2023-06-13T15:41:02+00:00,1597,1597,0,0,0,,,"[{'id': None, 'location_id': 126664, 'external_item_id': 'IAA3IJSCB5NWEM6WONLWSSYT', 'external_category_ids': ['Combos'], 'quantity': 1, 'price': 1597, 'gross_item_price': 1597, 'net_item_price': 1597, 'item_discount': 0, 'created': '2023-06-13T15:41:01+00:00'}]","[{'type': 'total', 'value': 0}, {'type': 'gratuity', 'value': 0}]",closed,2023-06-13T15:41:05+00:00,2023-06-13T15:41:05+00:00
99f93490-f60a-48fc-9331-b6a5b9acb53e,163696,126664,9,jceNtcvmuKnVxst7VFw6d8TwcTPZY,2023-06-13T15:43:51+00:00,2295,3095,0,800,800,,,"[{'id': None, 'location_id': 126664, 'external_item_id': 'IAA3IJSCB5NWEM6WONLWSSYT', 'external_category_ids': ['Combos'], 'quantity': 1, 'price': 1184, 'gross_item_price': 1597, 'net_item_price': 1184, 'item_discount': 413, 'created': '2023-06-13T15:43:51+00:00'}, {'id': None, 'location_id': 126664, 'external_item_id': 'IAA3IJSCB5NWEM6WONLWSSYT', 'external_category_ids': ['Combos'], 'quantity': 1, 'price': 1111, 'gross_item_price': 1498, 'net_item_price': 1111, 'item_discount': 387, 'created': '2023-06-13T15:43:51+00:00'}]","[{'type': 'total', 'value': 0}, {'type': 'gratuity', 'value': 0}]",closed,2023-06-13T15:43:59+00:00,2023-06-13T15:43:59+00:00
